date,headline,ticker,p_neg,p_neu,p_pos,sent,confidence,sent_label,tday
2023-08-07,Nvidia: Aspo serves demanding business-to-business customers .,NVDA,0.0502334462628844,0.6112150943685483,0.3385514593685673,0.2883180131056829,0.6112150943685483,neutral,2023-08-07
2023-11-02,"Jpmorgan: In the third quarter of 2010 , net sales increased by 5.2 % to EUR 205.5 mn , and operating profit by 34.9 % to EUR 23.5 mn .",JPM,0.2222651991043104,0.0318312013439355,0.7459035995517541,0.5236384004474437,0.7459035995517541,positive,2023-11-02
2023-12-15,"Meta Platforms: HELSINKI ( AFX ) - Metso said it will upgrade one of UPM-Kymmene 's four paper machines at the latter 's mill in Jaemsaenkoski with a new coating color supply system , machine and process controls and quality measurements .",META,0.09923330821428283,0.4451551856951661,0.4556115060905512,0.35637819787626834,0.4556115060905512,positive,2023-12-15
2023-12-13,Amazon: The event can also be viewed as a live webcast at www.cargotec.com .,AMZN,0.08923228820157784,0.7744354314878106,0.13633228031061143,0.04709999210903358,0.7744354314878106,neutral,2023-12-13
2023-04-19,"Amazon: The company offers payroll services , including payroll processing , payroll tax administration , and employee pay services , including direct deposit , check signing , and Readychex .",AMZN,0.0735692865008441,0.7104643201251176,0.21596639337403828,0.14239710687319418,0.7104643201251176,neutral,2023-04-19
2023-06-14,"Goldman Sachs: The cosmetics collection includes an eye shadow , face powder , lip gloss , mascara and accessories .",GS,0.10827927356853355,0.6933765208345691,0.1983442055968973,0.09006493202836376,0.6933765208345691,neutral,2023-06-14
2023-03-10,"Nvidia: Finnair 's passenger load factor , which measures the number of sold seats as a share of all available seats , dropped by 1.3 percentage points to 76.7 % in September .",NVDA,0.4389810233857342,0.3386085334571641,0.22241044315710182,-0.21657058022863238,0.4389810233857342,negative,2023-03-10
2024-02-22,"Meta Platforms: Theodosopoulos said Tellabs could be of value to Nokia Siemens or Nortel given its `` leading supply status '' with Verizon , along with high-growth products .",META,0.10353894440173642,0.31251351876578043,0.5839475368324831,0.48040859243074674,0.5839475368324831,positive,2024-02-22
2023-09-14,"Microsoft: The company will also shut one paper machine in Finland and one in Austria , as well as two label paper machines in Finland for up to 10 months , Helsinki-based UPM said yesterday .",MSFT,0.19220696068132725,0.35550271270560857,0.4522903266130642,0.2600833659317369,0.4522903266130642,positive,2023-09-14
2024-02-19,"Nvidia: The shopping center to be opened in St. Petersburg , Russia in November 2010 will turn the cash flow of Finnish department store chain Stockmann 's Russian operations positive for the first time in 2011 .",NVDA,0.12394977807501795,0.3336087336273264,0.5424414882976556,0.41849171022263765,0.5424414882976556,positive,2024-02-19
2024-03-06,Google: 30 November 2009 - Finnish office furniture maker Martela Oyj HEL : MARAS said today that it will make redundant three people and other nine will be laid off permanently from the company 's office staff and factory workers .,GOOGL,0.8025023100201132,0.11095090460207477,0.08654678537781216,-0.715955524642301,0.8025023100201132,negative,2024-03-06
2024-05-28,Netflix: Its market share widened to 48.51 percent from 48.31 percent a year earlier .,NFLX,0.40196503116274,0.150545638273019,0.447489330564241,0.04552429940150099,0.447489330564241,positive,2024-05-28
2024-02-05,"Jpmorgan: The terms of the financing were approved by the Annual General Meeting of the Company held on June 30 , 2010 .",JPM,0.1252907805242179,0.7175476285270405,0.15716159094874174,0.03187081042452383,0.7175476285270405,neutral,2024-02-05
2024-04-18,"Jpmorgan: Exel 's board of directors will propose a dividend of 0.2 euro $ 0.3 per share for 2006 at the annual general meeting on April 19 , 2007 .",JPM,0.11911418716482952,0.7586826625647114,0.12220315027045911,0.0030889631056295885,0.7586826625647114,neutral,2024-04-18
2024-03-05,Jpmorgan: The company expects meat purchases to remain at about 8mn kilos in 2011 .,JPM,0.20231814266696696,0.5131267160636224,0.2845551412694107,0.08223699860244377,0.5131267160636224,neutral,2024-03-05
2024-04-22,Jpmorgan: Below are unaudited consolidated results for Aspocomp Group under IFRS reporting standards .,JPM,0.1533712522579504,0.6614358769888974,0.1851928707531522,0.03182161849520179,0.6614358769888974,neutral,2024-04-22
2024-03-26,"Google: Stora Enso , a global paper , packaging and wood products company , and Neste Oil , a Finnish company engaged in the refining and marketing of oil , have inaugurated the demonstration plant at Varkaus , Finland for biomass to liquids production utilizing forestry residues .",GOOGL,0.2179940430310124,0.473912960094796,0.30809299687419167,0.09009895384317926,0.473912960094796,neutral,2024-03-26
2023-08-21,"Apple: According to Schmardin , Nordea will most likely try to win customers over from other pension fund providers .",AAPL,0.142560434067181,0.4831275036285395,0.3743120623042796,0.2317516282370986,0.4831275036285395,neutral,2023-08-21
2023-06-29,"Goldman Sachs: The competition was received with great enthusiasm by the employees , he goes on .",GS,0.40162058032915543,0.3289433251645616,0.2694360945062829,-0.1321844858228725,0.40162058032915543,negative,2023-06-29
2024-07-30,Amazon: A 2001 agreement expired earlier this month .,AMZN,0.18654486685601063,0.3181382591465529,0.49531687399743657,0.30877200714142594,0.49531687399743657,positive,2024-07-30
2023-09-07,"Google: Helsinki-based Componenta bought Turkish listed company Doktas in October 2006 for 89 million euros , making it the largest Finnish investment in Turkey to date .",GOOGL,0.13984996957104784,0.5535714890422069,0.3065785413867454,0.16672857181569756,0.5535714890422069,neutral,2023-09-07
2024-02-06,"Tesla: ` It is a testament to the quality of our LTE solution and our commitment to the Japanese market ' , he added .",TSLA,0.1373862327028388,0.47594309286387804,0.38667067443328307,0.24928444173044426,0.47594309286387804,neutral,2024-02-06
2023-05-24,Apple: Calls to the switchboard and directory services have decreased significantly since our employees now have up-to-date contact information from all their colleagues and customers on their phone and can place the call directly .,AAPL,0.3584851854668502,0.21972426725241004,0.4217905472807398,0.06330536181388957,0.4217905472807398,positive,2023-05-24
2023-11-13,"Netflix: The pine oil project is related to the upgrade of the chemical recovery plant of UPM at its pulp mill in Kymi , southern Finland .",NFLX,0.13224851009073904,0.638851505851031,0.22889998405822998,0.09665147396749094,0.638851505851031,neutral,2023-11-13
2024-01-23,Jpmorgan: The company admits that 36 months is a relatively short time when operating in Russia .,JPM,0.22623367561027286,0.5610374197055127,0.21272890468421443,-0.013504770926058424,0.5610374197055127,neutral,2024-01-23
2024-04-02,"Meta Platforms: The latest date for registration is on 4 April , 2006 .",META,0.1030173354376431,0.7340785581033862,0.16290410645897077,0.05988677102132767,0.7340785581033862,neutral,2024-04-02
2024-01-19,Amazon: The beers differ slightly from mainstream beers .,AMZN,0.18571349143612786,0.4969738458024094,0.3173126627614627,0.13159917132533483,0.4969738458024094,neutral,2024-01-19
2023-09-21,Goldman Sachs: Teleste expects to start the deliveries at the end of 2009 .,GS,0.19274649921958384,0.5898203029799951,0.21743319780042097,0.024686698580837135,0.5898203029799951,neutral,2023-09-21
2024-12-04,Google: Finnish Aldata Solution has signed a contract of supply its G.O.L.D. system to two French retail chains .,GOOGL,0.08037879130133713,0.23110876536523492,0.6885124433334279,0.6081336520320908,0.6885124433334279,positive,2024-12-04
2024-01-10,"Amazon: KONE , headquartered in Espoo , Finland , is one of the world 's leading elevator and escalator companies .",AMZN,0.05533458311451414,0.6522278993551517,0.2924375175303342,0.23710293441582006,0.6522278993551517,neutral,2024-01-10
2024-08-13,"Amazon: You need to be ready when the window opens up , Rosberg said .",AMZN,0.19645189616016712,0.40987836861231863,0.39366973522751425,0.19721783906734713,0.40987836861231863,neutral,2024-08-13
2024-06-21,"Microsoft: The company designs , manufactures and markets high-quality clothing , interior decoration textiles , bags and other accessories .",MSFT,0.08369352822549574,0.6994752452823922,0.21683122649211198,0.13313769826661626,0.6994752452823922,neutral,2024-06-21
2024-02-13,"Nvidia: According to M-real 's CEO , Mikko Helander , this transaction will enable the company to proceed swiftly with its restructuring program .",NVDA,0.05385547517076159,0.42870555964948553,0.5174389651797529,0.46358349000899124,0.5174389651797529,positive,2024-02-13
2024-10-09,"Google: The CL51 is designed to measure cloud base height and vertical visibility in all weather conditions , which makes it an ideal instrument for meteorological applications that rely on reliable cloud height detection .",GOOGL,0.07729761067307794,0.6872289300021175,0.23547345932480462,0.15817584865172668,0.6872289300021175,neutral,2024-10-09
2023-04-04,"Goldman Sachs: Among other industrial stocks , Metso added 0.53 pct to 40.04 eur , Wartsila B was down 0.77 pct at 47.87 eur and Rautaruukki K was 1.08 pct lower at 37.56 eur .",GS,0.7487190936473384,0.13318837949813514,0.11809252685452654,-0.6306265667928118,0.7487190936473384,negative,2023-04-04
2024-11-04,Nvidia: The members of the management team will contribute to the adjustment measures with temporary salary cut of 5 % .,NVDA,0.2681543423667725,0.4672305298331754,0.26461512780005203,-0.003539214566720461,0.4672305298331754,neutral,2024-11-04
2024-09-12,"Goldman Sachs: In the first nine months of 2010 , the company 's net loss narrowed to EUR415 ,000 from EUR7 .4 m for the corresponding period of 2009 .",GS,0.15234866167086483,0.05958278291793923,0.788068555411196,0.6357198937403312,0.788068555411196,positive,2024-09-12
2024-01-03,Goldman Sachs: Border Guard Service has banned the mooring of the company car-shipping ferry on its test travel at the railroad-car terminal of the Russian port as the border checkpoint is not yet ready .,GS,0.14178233190245776,0.6856127360974033,0.172604932000139,0.03082260009768123,0.6856127360974033,neutral,2024-01-03
2024-06-19,"Microsoft: Z. Bavelloni 's long-standing MD , Dino Bavelloni , has retired at the end of 2005 .",MSFT,0.21790231291444376,0.41289612443698426,0.36920156264857207,0.1512992497341283,0.41289612443698426,neutral,2024-06-19
2024-01-16,Meta Platforms: The transaction is expected to be completed next spring .,META,0.07584665238206378,0.7263801544180225,0.19777319319991368,0.1219265408178499,0.7263801544180225,neutral,2024-01-16
2023-07-17,Apple: Aspo 's Group structure and business operations are continually developed without any predefined schedules .,AAPL,0.06589296996673982,0.6696289940091452,0.264478036024115,0.1985850660573752,0.6696289940091452,neutral,2023-07-17
2024-08-07,"Jpmorgan: Pearl Plaza LLC , the joint venture of SRV and Shanghai Industrial Investment Holdings Co Ltd , has concluded the investment decision on construction of the first phase of the shopping center in Saint Petersburg , Russia .",JPM,0.09176608377102802,0.7376003250263792,0.17063359120259267,0.07886750743156465,0.7376003250263792,neutral,2024-08-07
2023-06-29,Jpmorgan: The shares represented 4.998 % of total share capital and 2.14 % of total voting rights .,JPM,0.1087133673656062,0.8167178534909705,0.07456877914342322,-0.034144588222182984,0.8167178534909705,neutral,2023-06-29
2023-08-18,"Tesla: Alpina Sports is a Lebanon , New Hampshire USA based distributor of e.g. Alpina ski shoes and skis , Exel ski poles , Start ski waxes and now also Peltonen cross-country skis .",TSLA,0.0546921896040886,0.7343843223902764,0.21092348800563496,0.15623129840154637,0.7343843223902764,neutral,2023-08-18
2024-01-16,"Nvidia: Nokia will continue to invest in future development of Qt for the benefit of all users , both Commercial and LGPL .",NVDA,0.088672570566395,0.6248998410987847,0.2864275883348203,0.1977550177684253,0.6248998410987847,neutral,2024-01-16
2024-09-04,"Netflix: Rautakesko 's business operations in Norway and Russia , acquired in July 2005 , are included in the figures of the comparable period , impacting sales growth starting from August .",NFLX,0.15304094468570745,0.35581564783206276,0.49114340748222984,0.3381024627965224,0.49114340748222984,positive,2024-09-04
2023-10-09,Amazon: The measures result from decreased demand in technical design and product information .,AMZN,0.48329216059160124,0.27744576599090875,0.23926207341748995,-0.2440300871741113,0.48329216059160124,negative,2023-10-09
2023-12-27,"Goldman Sachs: MANAVIGATOR-September 7 , 2010-Kemira unveils Indian JV with IVRCL Finnish chemicals group Kemira ( HEL : KRA1V ) on Tuesday announced it has inked a deal to form a joint venture in India with local construction firm IVRCL Infrastructure and Projects Ltd ( BOM :530773 ) .",GS,0.12688256597458836,0.43299750027577977,0.44011993374963193,0.3132373677750436,0.44011993374963193,positive,2023-12-27
2023-01-31,"Meta Platforms: Finnish software company QPR Software Plc ( OMX Helsinki : QPR1V ) reported on Thursday ( 23 October ) an operating profit of EUR63 ,000 on net sales of EUR1 .5 m for the third quarter 2008 .",META,0.33614963846327217,0.4369732945561214,0.22687706698060647,-0.1092725714826657,0.4369732945561214,neutral,2023-01-31
2023-03-27,Jpmorgan: The contract was signed in August with Papua New Guinea-based Lihir Gold Ltd ASX : LGL .,JPM,0.05168859125546773,0.4455436529494296,0.5027677557951027,0.451079164539635,0.5027677557951027,positive,2023-03-27
2023-02-10,"Jpmorgan: The company recorded revenues of E658 .1 million during the fiscal year ended December 2007 , an increase of 23 % over 2006 .",JPM,0.08558150971742635,0.18638941048119692,0.7280290798013767,0.6424475700839503,0.7280290798013767,positive,2023-02-10
2023-02-22,Apple: The volume of investments in the two phases of the project is estimated at USD 300mn ( EUR 215.03 mn ) .,AAPL,0.21249451344128106,0.4311947262195446,0.3563107603391744,0.14381624689789335,0.4311947262195446,neutral,2023-02-22
2024-09-26,Tesla: The company 's board of directors would propose a dividend of EUR0 .15 per share for 2005 .,TSLA,0.1795990018222595,0.5663075953275959,0.2540934028501447,0.07449440102788521,0.5663075953275959,neutral,2024-09-26
2024-09-06,"Amazon: `` While concerns remain longer term , size and scale may enable Nokia to hold on to its newfound margin improvements in the near term , '' the analyst wrote .",AMZN,0.19335396075210262,0.43704380204011545,0.3696022372077819,0.17624827645567928,0.43704380204011545,neutral,2024-09-06
2024-08-23,"Amazon: ALEXANDRIA , Va. , March 15 -- Jaakko Vilo of Turku , Finland , has developed a panel press .",AMZN,0.16481190363535406,0.6743550409589031,0.16083305540574297,-0.003978848229611087,0.6743550409589031,neutral,2024-08-23
2023-02-10,"Nvidia: Water Treatment Products In Australia Today , Global Research & Data Services is going to publish a market analysis about the market for chemical water treatment products in Australia .",NVDA,0.11628756813493246,0.595144033282103,0.2885683985829646,0.17228083044803216,0.595144033282103,neutral,2023-02-10
2023-02-27,Google: The aim is to develop open-source application solutions .,GOOGL,0.05950296947897444,0.49672920512827984,0.4437678253927456,0.3842648559137712,0.49672920512827984,neutral,2023-02-27
2023-07-25,Apple: Production at the plant will be based on Neste Oil 's proprietary technology that can use a flexible input of any vegetable oil or animal fat .,AAPL,0.14463448347358268,0.6469162295092155,0.20844928701720175,0.06381480354361907,0.6469162295092155,neutral,2023-07-25
2024-02-19,"Jpmorgan: Customers wave cards in front of the reader to make payments , similar to `` touch and go '' cards used in transport systems .",JPM,0.16076229905472922,0.5843005123117361,0.25493718863353476,0.09417488957880554,0.5843005123117361,neutral,2024-02-19
2023-09-01,"Meta Platforms: Most of the raw materials come from Europe and the US and are paid in euros or US dollars , while sales take place in rubles .",META,0.27170446949223603,0.5337598876456525,0.19453564286211156,-0.07716882663012448,0.5337598876456525,neutral,2023-09-01
2023-12-22,"Netflix: The move is aimed at boosting sales , cost-efficiency and market share in Finland .",NFLX,0.2404793149943849,0.3981827951182515,0.36133788988736354,0.12085857489297863,0.3981827951182515,neutral,2023-12-22
2023-05-08,"Jpmorgan: `` This transaction supports Huhtamaki 's strategic review of rigid plastic consumer goods operations '' , says Huhtam+Æki Oyj 's CEO Jukka Moisio .",JPM,0.09423644047395535,0.5099875749430525,0.395775984582992,0.30153954410903666,0.5099875749430525,neutral,2023-05-08
2024-06-18,"Tesla: The Tecnomen Convergent Charging solution includes functionality for prepaid and post-paid billing , charging and rating of voice calls , video calls , raw data traffic and any type of content services in both mobile and fixed networks .",TSLA,0.06391205166553965,0.7515430014820472,0.18454494685241307,0.12063289518687342,0.7515430014820472,neutral,2024-06-18
2023-08-17,"Netflix: Originally posted to the PCMag.com security blog , Security Watch .",NFLX,0.16489875101060125,0.5788388977546242,0.25626235123477453,0.09136360022417328,0.5788388977546242,neutral,2023-08-17
2023-02-17,Amazon: The sales of the Tiimari segment fell by 4.0 % year-on-year to EUR3 .3 m in June 2010 .,AMZN,0.497981021549398,0.1257175344482798,0.3763014440023222,-0.12167957754707581,0.497981021549398,negative,2023-02-17
2024-06-26,"Tesla: There has been some recovery of the base metals prices and increased demand for metals in China , however .",TSLA,0.27901364213582847,0.20712090710786374,0.5138654507563079,0.23485180862047939,0.5138654507563079,positive,2024-06-26
2024-10-22,"Netflix: When cruising , the revs fall as less engine output is required .",NFLX,0.22174832842444658,0.6685869192777103,0.10966475229784305,-0.11208357612660354,0.6685869192777103,neutral,2024-10-22
2023-01-11,Tesla: This bold spinning 360 red fabric design is set beautifully on Ercols Napoli sofa .,TSLA,0.05927385721105524,0.8046723701772028,0.13605377261174198,0.07677991540068674,0.8046723701772028,neutral,2023-01-11
2023-11-15,Nvidia: Nokia s U.S. shares were 3.3 percent lower at $ 12.73 by 1750 GMT .,NVDA,0.44380193771412535,0.35614806324362447,0.20004999904225018,-0.24375193867187517,0.44380193771412535,negative,2023-11-15
2024-08-27,Amazon: This corrensponds to 4.628 percent of Okmetic 's share capital and voting rights .,AMZN,0.07839005290584465,0.7320652324446025,0.18954471464955286,0.11115466174370821,0.7320652324446025,neutral,2024-08-27
2024-05-30,"Jpmorgan: Componenta has production lines for similar-sized products at Karkkila in Finland , at Weert in the Netherlands and at Orhangazi in Turkey , and these had a combined output of approximately 100,000 tonnes and net sales of EUR 135 million in 2007 .",JPM,0.258961481652722,0.5462748234354987,0.1947636949117792,-0.06419778674094279,0.5462748234354987,neutral,2024-05-30
2024-09-18,"Apple: The business area has operations in Finland , Sweden , Denmark , Estonia , Latvia and Lithuania .",AAPL,0.16654590525064003,0.5226377243895396,0.3108163703598203,0.14427046510918026,0.5226377243895396,neutral,2024-09-18
2023-10-31,"Amazon: The OMX Helsinki index was down 0.34 pct at 8,256.02 on turnover of 813.191 mln eur .",AMZN,0.7315164741868491,0.13983785887036826,0.12864566694278262,-0.6028708072440665,0.7315164741868491,negative,2023-10-31
2023-09-29,Apple: 26 November 2010 - Finnish sports-equipment maker Amer Sports Oyj ( HEL : AMEAS ) said today it has obtained a EUR30m Schuldschein note loan from a pool of international investors .,AAPL,0.28355813039966915,0.20952645444199156,0.5069154151583393,0.22335728475867012,0.5069154151583393,positive,2023-09-29
2024-06-03,Meta Platforms: Finnish sports equipment maker Amer Sports Oyj ( HEL : AMEAS ) said today that its net loss narrowed to EUR 16.9 million ( USD 22.3 m ) in the second quarter of 2010 from EUR 23.2 million in the corresponding period a year earlier .,META,0.32483642145979785,0.015875599693834206,0.6592879788463679,0.33445155738657006,0.6592879788463679,positive,2024-06-03
2023-04-24,"Amazon: The E7 smartphone will be available for Rs35 ,000 per handset across India , '' Nokia India vice-president & managing director D Shivakumar told reporters .",AMZN,0.08884968484102149,0.7178815218413117,0.19326879331766675,0.10441910847664526,0.7178815218413117,neutral,2023-04-24
2023-06-23,Tesla: The value of the order is about EUR 30mn .,TSLA,0.03223297912268559,0.8598493231198816,0.10791769775743291,0.07568471863474732,0.8598493231198816,neutral,2023-06-23
2024-03-14,"Microsoft: FL Group 's private equity division manages all operating companies , including Icelandair Group , FL Travel Group , Bluebird and Sterling .",MSFT,0.06725046662170012,0.6947118365445699,0.23803769683372977,0.17078723021202966,0.6947118365445699,neutral,2024-03-14
2024-05-02,"Google: Finnish construction company YIT Oyj said on November 13 , 2007 it won a 70 mln euro $ 102.8 mln contract to construct the new office building for local property company Tapiola Real Estate Oy .",GOOGL,0.10279875116595703,0.42008391432658154,0.4771173345074614,0.37431858334150436,0.4771173345074614,positive,2024-05-02
2023-03-29,"Meta Platforms: Under a memorandum of understanding MoU the parties will collaborate in preparing and implementing joint projects in the fields of combined power and heat generation , environmental protection and energy efficient technologies .",META,0.10370867269429365,0.5807567106076739,0.3155346166980324,0.21182594400373875,0.5807567106076739,neutral,2023-03-29
2024-01-08,Netflix: ArcelorMittal Chief Executive Officer Lakshmi Mittal has already cut output at some furnaces .,NFLX,0.4197082427824284,0.3424607115060199,0.2378310457115518,-0.1818771970708766,0.4197082427824284,negative,2024-01-08
2023-09-25,Amazon: Mr Kivimeister said John Deer former Timberjack stands to win in the situation : it controls around 60 % of Estonia 's forest machinery market .,AMZN,0.2946604744825703,0.3100708226191309,0.3952687028982989,0.10060822841572858,0.3952687028982989,positive,2023-09-25
2024-01-02,Apple: Diluted earnings per share ( EPS ) rose to EUR 0.52 versus EUR 0.09 .,AAPL,0.25214515931932524,0.08103902095369298,0.6668158197269818,0.41467066040765654,0.6668158197269818,positive,2024-01-02
2024-12-02,"Goldman Sachs: Finnish construction company YIT is reducing the number of start-ups of market-financed residential units in 2007 to about 2,300 from the previously announced 2,700 .",GS,0.31603786145308677,0.45688435657381476,0.22707778197309844,-0.08896007947998832,0.45688435657381476,neutral,2024-12-02
2023-02-24,"Meta Platforms: The company , which has EUR2 .8 bn in assets , counts among its five largest shareholders Finnish insurers Ilmarinen 4.34 % and Varma 0.70 % , as well as the Finnish state pension fund VER 0.61 % .",META,0.16158423391973514,0.5625551839163955,0.27586058216386933,0.11427634824413418,0.5625551839163955,neutral,2023-02-24
2024-12-27,"Jpmorgan: According to the company , its operating profit , excluding non-recurring items , in the fourth quarter of 2009 was significantly better than expected , and also better than the figures for the fourth quarter of 2008 .",JPM,0.6374416875354437,0.10371298708624734,0.2588453253783088,-0.37859636215713494,0.6374416875354437,negative,2024-12-27
2023-11-24,Nvidia: Pretax loss totalled EUR 162.3 mn compared to a profit of EUR 253.5 mn in 2007 .,NVDA,0.7904723470678946,0.04284480749991641,0.16668284543218895,-0.6237895016357057,0.7904723470678946,negative,2023-11-24
2024-07-18,Tesla: We have made long-term investments in developing the system 's implementation model .,TSLA,0.09207265050996365,0.2299650375353407,0.6779623119546957,0.5858896614447321,0.6779623119546957,positive,2024-07-18
2023-11-07,"Jpmorgan: Capman , the Finnish alternative asset manager , has made an acquisition for its Helsinki-focused vehicle , Real Estate Fund I. The fund has bought a seven-story office built in 1973 that underwent refurbishment at the end of the 1990s .",JPM,0.15338241499962796,0.6391445574073134,0.2074730275930588,0.05409061259343084,0.6391445574073134,neutral,2023-11-07
2023-08-16,"Goldman Sachs: Turun kaupunkin , Finland based company has awarded contract to Lemminkainen Talotekniikka Oy for electrical installation work .",GS,0.12240239136089263,0.32977723720682445,0.5478203714322829,0.42541798007139026,0.5478203714322829,positive,2023-08-16
2024-07-17,Amazon: Bovine slaughtering and cutting at the Kuopio facility will be transferred to the Kauhajoki slaughterhouse .,AMZN,0.12746313836169335,0.7462776205632339,0.12625924107507283,-0.0012038972866205144,0.7462776205632339,neutral,2024-07-17
2024-05-16,"Goldman Sachs: In April 2005 , Neste separated from its parent company , Finnish energy company Fortum , and became listed on the Helsinki Stock Exchange .",GS,0.2665754176046712,0.5370908328802163,0.19633374951511254,-0.07024166808955865,0.5370908328802163,neutral,2024-05-16
2023-04-17,"Goldman Sachs: Ixonos estimates that it will hire 20 specialists in mechanical engineering , electronics design , and R&D for its new unit in Jyvaeskylae by the end of 2009 .",GS,0.16945200205587785,0.5290852420763961,0.3014627558677262,0.13201075381184835,0.5290852420763961,neutral,2023-04-17
2024-05-30,"Tesla: Even so , Tulikivi emissions are well below some of the strictest state standards including Washington and Colorado .",TSLA,0.1760538067410544,0.631493925345453,0.19245226791349265,0.01639846117243826,0.631493925345453,neutral,2024-05-30
2024-07-04,"Goldman Sachs: 2010 16 July 2010 - Finnish steel maker Rautaruukki Oyj HEL : RTRKS , or Ruukki , said today it turned to a net profit of EUR20m in the second quarter of 2010 from a net loss of EUR94m in the corresponding period last year .",GS,0.49581878306084237,0.029416897112406366,0.4747643198267513,-0.021054463234091048,0.49581878306084237,negative,2024-07-04
2023-10-11,"Microsoft: When open next year , it will be the largest facility in the world to produce diesel fuel from renewable feedstock such as palm oil and animal fat .",MSFT,0.09759382855983066,0.48744990589678255,0.41495626554338666,0.317362436983556,0.48744990589678255,neutral,2023-10-11
2024-11-07,Microsoft: The StoneGate UTM solution offers protection against inbound and outbound attacks .,MSFT,0.12112479798916202,0.6762674434385322,0.20260775857230592,0.0814829605831439,0.6762674434385322,neutral,2024-11-07
2024-04-12,"Meta Platforms: `` We 're delighted with the move '' says Morna Cowie , co-owner , above , `` it 's double the size of our current shop and has a lovely feel to it . ''",META,0.0685913522944922,0.26601032142867087,0.6653983262768369,0.5968069739823447,0.6653983262768369,positive,2024-04-12
2023-09-01,Meta Platforms: Each year the dividend is deducted from the subscription price .,META,0.14619049167087866,0.6023447539190127,0.2514647544101086,0.10527426273922996,0.6023447539190127,neutral,2023-09-01
2023-01-09,"Apple: Pulkovo park will be ready in 2016 , its first stage of 23,000 sq. m. will be finished in the first quarter of 2010 .",AAPL,0.15400257917072474,0.5102862025401451,0.33571121828913025,0.1817086391184055,0.5102862025401451,neutral,2023-01-09
2024-05-08,"Goldman Sachs: Finnish GeoSentric 's net sales decreased to EUR 939,000 in January-March 2009 .",GS,0.8307070679539261,0.09100403662782656,0.07828889541824731,-0.7524181725356788,0.8307070679539261,negative,2024-05-08
2023-06-02,"Apple: ( ADPnews ) - Oct 21 , 2009 - Finland-based IT consultancy Tieto Oyj ( HEL : TIE1V ) said today its net profit plunged to EUR 29.4 million ( USD 43.9 m ) for the first nine months of 2009 from EUR 58.7 million for the same period o",AAPL,0.46675368339336454,0.049482006698372626,0.48376430990826297,0.01701062651489843,0.48376430990826297,positive,2023-06-02
2024-07-05,Goldman Sachs: The company is also featured in the Ethibel Pioneer Investment Register and included in Innovest 's Global 100 list of the world 's most sustainable corporations .,GS,0.07621628122703533,0.7206762373802529,0.2031074813927118,0.12689120016567645,0.7206762373802529,neutral,2024-07-05
2024-01-19,Nvidia: EUR 220 million of the transaction consideration was paid in the form of four-year interest-bearing vendor notes .,NVDA,0.1401834160091524,0.47864223078987567,0.38117435320097204,0.24099093719181963,0.47864223078987567,neutral,2024-01-19
2023-12-07,"Jpmorgan: The Finnish company is building a 800,000 mt-year biodiesel plant in Singapore .",JPM,0.12236849668185025,0.6136761910542495,0.2639553122639003,0.14158681558205005,0.6136761910542495,neutral,2023-12-07
2023-05-01,"Jpmorgan: Kalnapilio-Tauro Grupe ( Kalnapilis-Tauras Group ) , which is owned by Denmark 's Royal Unibrew , raised its market share to 25.2 percent from 23.91 percent , as beer sales for the nine months jumped by 11.4 percent to 52.99 million liters .",JPM,0.1750188471153345,0.12061154993126069,0.7043696029534049,0.5293507558380703,0.7043696029534049,positive,2023-05-01
2024-06-04,"Jpmorgan: Aldata Solution Oyj Bertrand Sciard President and CEO Further information : Aldata Solution Oyj , Bertrand Sciard , President and CEO , tel. +33 1 46 48 28 00 Aldata 100 % Retail-Wholesale At Aldata 100 % of our business is dedicated to retail and wholesale business improvement .",JPM,0.0799730176461117,0.585395363251854,0.33463161910203415,0.25465860145592245,0.585395363251854,neutral,2024-06-04
2023-05-02,Meta Platforms: Capitex Kalmar will continue to be responsible for the maintenance and technical development of the services .,META,0.07649944209183959,0.744929827780838,0.17857073012732216,0.10207128803548257,0.744929827780838,neutral,2023-05-02
2023-11-02,"Amazon: As part of the transaction , the +_+Ænekoski paper mill remained in M-real 's ownership and continued Galerie Art production for Sappi under a long-term contract .",AMZN,0.07445926238975803,0.5416174204113362,0.3839233171989058,0.3094640548091478,0.5416174204113362,neutral,2023-11-02
2024-09-03,Jpmorgan: It is estimated that the consolidated turnover of Kausta Guder will reach Lt 53mn US$ 22.53 mn EUR 15.35 mn in 2007 .,JPM,0.27621631432046967,0.38568086202596963,0.33810282365356076,0.06188650933309109,0.38568086202596963,neutral,2024-09-03
2024-11-04,Microsoft: Central Europe is an important market area for Honka .,MSFT,0.050950261400682914,0.6547197568574625,0.29432998174185454,0.2433797203411716,0.6547197568574625,neutral,2024-11-04
2024-12-24,"Jpmorgan: Operating profit totaled EUR 5.5 mn , up from EUR -0.7 mn .",JPM,0.08866655730094977,0.03301990757686732,0.8783135351221829,0.7896469778212332,0.8783135351221829,positive,2024-12-24
2024-12-02,"Google: The upgrade is intended to raise the network capacity from 450 MHz to 630 MHz in several cities , enabling bi-directional services for digital television as well as broadband data .",GOOGL,0.07698108023876453,0.49935986868570303,0.4236590510755325,0.34667797083676793,0.49935986868570303,neutral,2024-12-02
2024-02-12,"Amazon: Its board of directors will propose a dividend of EUR0 .12 per share for 2010 , up from the EUR0 .08 per share paid in 2009 .",AMZN,0.10525612463461076,0.3231366888812001,0.5716071864841892,0.4663510618495784,0.5716071864841892,positive,2024-02-12
2023-05-26,"Google: As part of the agreement , Aspocomp will also give Meadville a 10 pct slice of a subsidiary operating in Oulu , Finland .",GOOGL,0.1134048150277533,0.6711294679816595,0.21546571699058714,0.10206090196283384,0.6711294679816595,neutral,2023-05-26
2024-09-04,"Google: The contracts between Raute Corporation and Muling Kemian Wood Products Co. , Ltd. , which were announced on 3 November 2010 , have taken effect .",GOOGL,0.18888635468230228,0.4787914275305078,0.33232221778718984,0.14343586310488757,0.4787914275305078,neutral,2024-09-04
2024-08-08,"Nvidia: says Brian Burton , Head of IT Security , Vodafone UK .",NVDA,0.0663174429878772,0.4166837312542187,0.5169988257579041,0.4506813827700269,0.5169988257579041,positive,2024-08-08
2024-12-24,"Apple: Sanoma also has an Executive Committee , in accordance with the Company 's Articles of Association , that prepares proposals for matters to be decided or noted by the Board of Directors .",AAPL,0.14070320692920277,0.5936219747349372,0.26567481833586004,0.12497161140665727,0.5936219747349372,neutral,2024-12-24
2024-04-19,"Microsoft: In Sweden , Gallerix accumulated SEK denominated sales were down 1 % and EUR denominated sales were up 11 % .",MSFT,0.4293326927472937,0.19035149870341747,0.38031580854928876,-0.04901688419800493,0.4293326927472937,negative,2024-04-19
2023-04-13,"Apple: FinancialWire ( tm ) , in cooperation with the Investrend Broadcast Syndicate , also provides complete , daily conference call and webcast schedules as a service to shareholders and investors via the FirstAlert ( tm ) Networks oeFirstAlert ( tm ) Daily .",AAPL,0.10455043502372668,0.5675377569778196,0.32791180799845365,0.22336137297472697,0.5675377569778196,neutral,2023-04-13
2024-01-03,Amazon: The total value of the project is valued at SEK 30bn ( EUR 2.83 bn USD 3.81 bn ) .,AMZN,0.09522096313449341,0.764512244101646,0.14026679276386053,0.04504582962936712,0.764512244101646,neutral,2024-01-03
2023-11-23,"Meta Platforms: On 25 August 2009 , Sampo 's stake in Nordea was 19.45 % .",META,0.18451847074858121,0.6780006914968377,0.13748083775458111,-0.0470376329940001,0.6780006914968377,neutral,2023-11-23
2024-09-09,"Meta Platforms: The bank also expects additional costs , related to the Dash 8 - Q400 jets , which the group shelved in October 2007 .",META,0.2221986387994079,0.5294064193250341,0.248394941875558,0.02619630307615009,0.5294064193250341,neutral,2024-09-09
2023-10-13,"Amazon: Iso Omena is based in the Matinkyla district of the southern part of the city of Espoo , southern Finland .",AMZN,0.14756880219914878,0.7000110173726404,0.15242018042821082,0.004851378229062037,0.7000110173726404,neutral,2023-10-13
2023-08-29,Goldman Sachs: Net sales decreased to EUR 91.6 mn from EUR 109mn in the corresponding period in 2005 .,GS,0.8385194259179105,0.015772330329520544,0.14570824375256888,-0.6928111821653417,0.8385194259179105,negative,2023-08-29
2023-02-28,Google: W+Ærtsil+Æ 's aim is to serve the rapidly growing number of vessels and increasing marine activity in the Barents Sea region .,GOOGL,0.1566015180131668,0.44388634451526976,0.3995121374715636,0.24291061945839681,0.44388634451526976,neutral,2023-02-28
2024-09-03,Nvidia: Terms of the acquisition were not disclosed .,NVDA,0.09562063960220894,0.7726190878002719,0.1317602725975192,0.03613963299531027,0.7726190878002719,neutral,2024-09-03
2024-07-05,Jpmorgan: Chief Financial Officer Jim Heindlmeyer said Beyond Oblivion is in advanced talks with the four major recording companies about its service .,JPM,0.10820284345955782,0.5101955879530891,0.38160156858735306,0.27339872512779523,0.5101955879530891,neutral,2024-07-05
2023-01-31,"Google: The equipment will expand container handling capacity at Namibia 's main port of Walvis Bay , on the west coast .",GOOGL,0.1025332179425753,0.44034951540326706,0.4571172666541576,0.3545840487115823,0.4571172666541576,positive,2023-01-31
2023-11-14,"Meta Platforms: Our key geographical markets are Europe , Russian Federation , Middle-East , South-Africa and Japan .",META,0.08363800227050984,0.4078543297336954,0.5085076679957947,0.4248696657252849,0.5085076679957947,positive,2023-11-14
2023-12-18,"Google: At 10.58 am , Outokumpu declined 2.74 pct to 24.87 eur , while the OMX Helsinki 25 was 0.55 pct higher at 2,825.14 and the OMX Helsinki added 0.64 pct to 9,386.89 .",GOOGL,0.6976612162284481,0.12350802737192897,0.1788307563996229,-0.5188304598288253,0.6976612162284481,negative,2023-12-18
2023-12-08,Google: An audio webcast will be available live and archived on Cerner 's Web site at www.cerner.com .,GOOGL,0.04414338597216847,0.8768665877333369,0.07899002629449466,0.034846640322326185,0.8768665877333369,neutral,2023-12-08
2024-11-01,"Nvidia: The chilled meat products category led the meat , fish and poultry market in Finland , accounting for a share of 31.4 % .",NVDA,0.13115037913140504,0.6299444644775506,0.23890515639104445,0.10775477725963942,0.6299444644775506,neutral,2024-11-01
2023-04-20,Google: The concept enables a commercially affordable way to manufacture high-quality TCO coated glass for the solar industry .,GOOGL,0.14278479556585208,0.4674437444594133,0.3897714599747346,0.24698666440888253,0.4674437444594133,neutral,2023-04-20
2023-08-11,"Jpmorgan: The contract comprises a log handling line , a peeling line , and a veneer drying and grading line .",JPM,0.08332112766044433,0.5663719729805677,0.3503068993589881,0.26698577169854376,0.5663719729805677,neutral,2023-08-11
2023-05-12,Tesla: Finland 's Poyry Energy has won a contract to advise builders of a new cogeneration power plant in Lithuania 's second-biggest city of Kaunas and to supervise the construction process .,TSLA,0.07669830813378478,0.22975930339267034,0.6935423884735448,0.61684408033976,0.6935423884735448,positive,2023-05-12
2023-06-28,"Meta Platforms: 128,538 shares can still be subscribed for with Series E share options , max .",META,0.08260241063429156,0.7185116403204103,0.1988859490452981,0.11628353841100654,0.7185116403204103,neutral,2023-06-28
2024-10-24,"Nvidia: The broker started UPM-Kymmene , Stora Enso and Sappi with ` equal-weight ' recommendations and Holmen and Norske Skog with ` underweight ' ratings .",NVDA,0.1603955063187807,0.392178889665485,0.4474256040157344,0.2870300976969537,0.4474256040157344,positive,2024-10-24
2024-11-19,Tesla: 10 February 2011 - Finnish media company Sanoma Oyj HEL : SAA1V said yesterday its 2010 net profit almost tripled to EUR297 .3 m from EUR107 .1 m for 2009 and announced a proposal for a raised payout .,TSLA,0.20824508776837053,0.22512908727637626,0.5666258249552532,0.3583807371868826,0.5666258249552532,positive,2024-11-19
2023-02-02,"Amazon: The core of Solidium 's investment strategy is proper , value enhancing asset management of the current holdings .",AMZN,0.10860932952171662,0.7090906151599842,0.18230005531829918,0.07369072579658256,0.7090906151599842,neutral,2023-02-02
2024-04-05,"Netflix: The Point Village , designed by Scott Tallon Walker , will include a shopping center , office premises , a hotel and a cinema .",NFLX,0.11894035492053107,0.709068322959741,0.17199132211972798,0.05305096719919691,0.709068322959741,neutral,2024-04-05
2023-06-20,Microsoft: Possible personnel reductions concern approximately 104 people .,MSFT,0.24648854049856955,0.6591627539888006,0.0943487055126298,-0.15213983498593975,0.6591627539888006,neutral,2023-06-20
2023-05-22,Microsoft: The size of a cider bottle will remain unchanged .,MSFT,0.13171607266296828,0.6261181065039289,0.24216582083310279,0.1104497481701345,0.6261181065039289,neutral,2023-05-22
2023-08-02,Amazon: UPM-Kymmene has generated thirty-one consecutive quarters of positive EBITDA .,AMZN,0.1254635398835884,0.27883468670467465,0.5957017734117369,0.47023823352814853,0.5957017734117369,positive,2023-08-02
2023-05-23,Netflix: Sanoma Magazines International will invite other shareholders holding approximately 15 % of the shares to sell their shares .,NFLX,0.049779772949893934,0.8702812798928552,0.079938947157251,0.030159174207357066,0.8702812798928552,neutral,2023-05-23
2023-12-25,Goldman Sachs: The Finnish paints company acquired the remaining 49 pct that it did not own from Ukraine 's LGU for an undisclosed sum .,GS,0.1391246004808128,0.6736878897089208,0.1871875098102664,0.04806290932945362,0.6736878897089208,neutral,2023-12-25
2024-12-27,"Nvidia: ` This order is included in Wartsila 's order book in the second quarter , ' the company added .",NVDA,0.14757032131163889,0.46183369120162227,0.39059598748673874,0.24302566617509985,0.46183369120162227,neutral,2024-12-27
2024-03-05,Microsoft: 23 April 2010 - Finnish construction and engineering company Outotec Oyj HEL : OTE1V said today it slipped to a net loss of EUR7 .3 m in the first quarter of 2010 from a net profit of EUR12 .5 m in the corresponding period last year .,MSFT,0.5970489960604488,0.034962226379461385,0.36798877756008985,-0.22906021850035896,0.5970489960604488,negative,2024-03-05
2024-06-12,"Goldman Sachs: Finnish construction group Lemminkainen Oyj HEL : LEM1S said today it has won a contract to provide technical services for the Nevsky Centre shopping mall to be opened in November in St Petersburg , Russia .",GS,0.1528881702762635,0.18065568903239645,0.6664561406913401,0.5135679704150766,0.6664561406913401,positive,2024-06-12
2023-12-27,"Nvidia: HELSINKI AFX - Cramo said it has agreed to sell Cramo Nederland BV CNL , its Dutch machinery and equipment rental unit , to Jaston Groep for an undisclosed sum .",NVDA,0.08430515119103697,0.5003487395504178,0.4153461092585451,0.3310409580675081,0.5003487395504178,neutral,2023-12-27
2023-01-11,"Goldman Sachs: Nokia Multimedia 's net sales totaled EUR 5.7 bn , up 45 % from the corresponding period in 2005 .",GS,0.3067576359867929,0.17080648249632663,0.5224358815168805,0.21567824553008758,0.5224358815168805,positive,2023-01-11
2023-03-02,"Microsoft: Finnish P+¦yry has been awarded an engineering contract by CFR , the national railway company of Romania .",MSFT,0.08575478172653274,0.16723420303198333,0.7470110152414838,0.6612562335149511,0.7470110152414838,positive,2023-03-02
2023-07-17,"Netflix: Finnish shipping company Finnlines ' pretax loss totalled EUR 6.5 mn in the third quarter of 2009 , compared to a profit of EUR 0.3 mn in the third quarter of 2008 .",NFLX,0.8684219390764244,0.023772820508742982,0.10780524041483269,-0.7606166986615917,0.8684219390764244,negative,2023-07-17
2023-06-28,Microsoft: Fortum had previously bought the state-held stake in TGK-10 from RAO UES during its reform .,MSFT,0.1542649128086026,0.6734545106338472,0.17228057655755016,0.018015663748947558,0.6734545106338472,neutral,2023-06-28
2024-09-05,Amazon: Sales were down 14 per cent in Finland and up 27 per cent abroad where sales were lifted by the strong growth in sales in Russia and Lithuania .,AMZN,0.47999906069150533,0.1359125557709926,0.3840883835375022,-0.09591067715400314,0.47999906069150533,negative,2024-09-05
2024-09-09,"Meta Platforms: The buyer aims to thus reinforce its position in Denmark , Martela Group managing director Heikki Martela said .",META,0.08909768835054868,0.25176012111691765,0.6591421905325336,0.570044502181985,0.6591421905325336,positive,2024-09-09
2024-09-16,"Apple: Risto Jalo , chief executive of Dormus Print and also owner of the remainder of the company , will keep his position after the acquisition .",AAPL,0.11801674058288325,0.49505787760526965,0.3869253818118472,0.26890864122896396,0.49505787760526965,neutral,2024-09-16
2024-04-10,"Google: National Conciliator Juhani Salonius , who met both parties on Wednesday , said they were too far apart in their views for him to propose mediation .",GOOGL,0.14612401538158087,0.4699067175903926,0.3839692670280265,0.2378452516464456,0.4699067175903926,neutral,2024-04-10
2024-02-12,Google: The earnings in the comparative period included a capital gain of EUR 8mn from the sale of OMX shares .,GOOGL,0.29945364051545864,0.31003517266172753,0.3905111868228138,0.09105754630735519,0.3905111868228138,positive,2024-02-12
2024-04-18,"Jpmorgan: The repo rate will gradually reach 2 % at the end of 2010 , according to Nordea 's Economic Outlook .",JPM,0.13014098720370265,0.5538491772903221,0.31600983550597517,0.18586884830227252,0.5538491772903221,neutral,2024-04-18
2023-10-25,Netflix: Measures will be launched immediately and are due to be finalized in the first quarter of 2010 .,NFLX,0.2814926941665524,0.5166950886508527,0.20181221718259493,-0.0796804769839575,0.5166950886508527,neutral,2023-10-25
2024-05-03,"Meta Platforms: According to Olvi , the company is already negotiating new agreements .",META,0.06154170864514001,0.6206634724371751,0.31779481891768485,0.2562531102725448,0.6206634724371751,neutral,2024-05-03
2024-08-02,Amazon: Finnish mobile operator DNA will function as a subcontractor to Maingate and will be responsible for telecommunications connections .,AMZN,0.07132733097240201,0.742234980906776,0.186437688120822,0.11511035714842,0.742234980906776,neutral,2024-08-02
2024-07-11,"Amazon: The company 's transportation business is conducted through Florida Rock & Tank Lines , which is a Southeastern transportation company concentrating in the hauling by motor carrier of liquid and dry bulk commodities .",AMZN,0.0922825683271797,0.6016447895188837,0.30607264215393654,0.21379007382675685,0.6016447895188837,neutral,2024-07-11
2024-03-25,"Amazon: In China , Finnish Kone that provides elevators , escalators , and solutions for modernisation and maintenance will build 342 escalators that will be installed in a high-speed railway section between Beijing and Shanghai in a 1.5 years ' time .",AMZN,0.1323641307140242,0.49747128191293993,0.37016458737303587,0.23780045665901167,0.49747128191293993,neutral,2024-03-25
2023-02-13,"Goldman Sachs: As a result of the cancellation , the maximum increase of Citycon 's share capital on the basis of the convertible bonds decreased from EUR 23,383,927.80 to EUR 22,901,784.75 .",GS,0.6772918112997509,0.13942457593873148,0.18328361276151772,-0.4940081985382332,0.6772918112997509,negative,2023-02-13
2024-06-13,Tesla: It will combine and renew the contents and functionality of the current systems for funding and online service as well as their maintenance .,TSLA,0.061727581072733455,0.7553612356272827,0.18291118329998368,0.12118360222725022,0.7553612356272827,neutral,2024-06-13
2023-09-26,Apple: Net profit was 35.5 mln compared with 29.8 mln .,AAPL,0.40909914229980804,0.20888207894372435,0.38201877875646756,-0.02708036354334048,0.40909914229980804,negative,2023-09-26
2024-06-27,Tesla: Delivery is expected to take place later this month .,TSLA,0.12232661165201907,0.6574615573194249,0.22021183102855596,0.0978852193765369,0.6574615573194249,neutral,2024-06-27
2024-01-30,"Nvidia: The company said that it will supply the WCDMA 3G-HSPA radio network , including the modular , high capacity Nokia Flexi WCDMA base station in East Java , Bali , Sumatra and Batam .",NVDA,0.12542936841339306,0.4970302587446382,0.3775403728419688,0.2521110044285757,0.4970302587446382,neutral,2024-01-30
2024-10-04,Apple: RIM has revamped the BlackBerry OS UI with the 6.0 version of the mobile operating system .,AAPL,0.12935325309947826,0.601294441475745,0.2693523054247768,0.13999905232529852,0.601294441475745,neutral,2024-10-04
2023-09-05,"Nvidia: The corresponding increase in the share capital , EUR422 ,754 , has been entered in the Trade Register today .",NVDA,0.20837203016666841,0.38058622028929356,0.4110417495440381,0.2026697193773697,0.4110417495440381,positive,2023-09-05
2024-11-12,"Jpmorgan: Finnair expands : Finnair plans to add more flights on routes to Hong Kong , India and Russia .",JPM,0.21739019159899559,0.2762153357537246,0.5063944726472799,0.2890042810482843,0.5063944726472799,positive,2024-11-12
2024-09-09,"Jpmorgan: Raute , headquartered in Nastola , Finland , is a technology company serving the wood products industry worldwide .",JPM,0.09549695263246524,0.6880220760603549,0.21648097130717978,0.12098401867471453,0.6880220760603549,neutral,2024-09-09
2023-08-30,"Meta Platforms: We went to the market with yield guidance of the 7.25 % area , which gave us the flexibility to go up or down by 1-8th .",META,0.38723512769263985,0.28272666367230387,0.3300382086350561,-0.05719691905758373,0.38723512769263985,negative,2023-08-30
2023-12-19,Amazon: The company continued the development of a fully human antibody in its VAP-1 antibody program .,AMZN,0.10720903453060472,0.5503121309368368,0.3424788345325585,0.2352698000019538,0.5503121309368368,neutral,2023-12-19
2024-01-24,"Jpmorgan: According to Chairman Michael Hornborg , the organizations has merely criticised Raisio 's weak performance .",JPM,0.3444862527222982,0.2800285536157797,0.375485193661922,0.030998940939623798,0.375485193661922,positive,2024-01-24
2024-07-16,"Apple: HKScan , headquartered in Turku , Finland , is a leading northern European food group with 10,000 employees in nine countries .",AAPL,0.14783329262306275,0.5961878988620829,0.2559788085148542,0.10814551589179147,0.5961878988620829,neutral,2024-07-16
2024-05-17,Netflix: Mr K.R. Vasantha has been appointed Managing Director of Incap Contract Manufacturing Services Pvt. Ltd. .,NFLX,0.10234301678838152,0.3536681191865688,0.5439888640250496,0.4416458472366681,0.5439888640250496,positive,2024-05-17
2024-09-13,"Google: According to business media reports , Usmanov planned to transfer his MegaFon stake to the state-controlled Svyazinvest , in exchange for a stake in the merged RosTelecom .",GOOGL,0.08030155043124114,0.7685346084771429,0.15116384109161593,0.07086229066037479,0.7685346084771429,neutral,2024-09-13
2023-09-28,"Netflix: The transaction doubles Tecnomens workforse , and adds a fourth to their net sales .",NFLX,0.11079890473578194,0.5120934460320427,0.3771076492321754,0.2663087444963934,0.5120934460320427,neutral,2023-09-28
2024-01-04,Apple: The newly created position has been established to strengthen Amer Sports ' management in strategic planning and execution .,AAPL,0.12144414499824471,0.3708609537995491,0.5076949012022063,0.38625075620396154,0.5076949012022063,positive,2024-01-04
2023-11-10,Amazon: SAMPO PLC Jarmo Salonen Head of Investor Relations and Group Communications tel. +358 10 516 0030 Distribution : NASDAQ OMX Helsinki The principal media Financial Supervisory Authority www.sampo.com This announcement is distributed by Thomson Reuters on behalf of Thomson Reuters clients .,AMZN,0.13064499243553437,0.7457320623943938,0.12362294517007177,-0.0070220472654626,0.7457320623943938,neutral,2023-11-10
2024-10-25,"Meta Platforms: LIGHTS OUT Before curfew , curl up with the latest bestseller and treat your eyes to the perfect reading light from Luceplan .",META,0.1036304844568001,0.46410000331771895,0.4322695122254809,0.32863902776868076,0.46410000331771895,neutral,2024-10-25
2023-08-11,"Amazon: No price was given for the transaction , which merges two London companies that have worked together on a number of projects including delivery of timetables for Britain 's National Express East Coast rail networks .",AMZN,0.12189765816595075,0.664429286188583,0.21367305564546624,0.09177539747951549,0.664429286188583,neutral,2023-08-11
2024-03-05,"Amazon: Ahlstrom Corporation STOCK EXCHANGE ANNOUNCEMENT 23.4.2007 Ahlstrom Corporation will publish its first quarter financial results 2007 on Friday , April 27 , 2007 approximately at 8.30 a.m. Finnish time .",AMZN,0.10830133469710557,0.7315225946017316,0.1601760707011628,0.05187473600405723,0.7315225946017316,neutral,2024-03-05
2023-03-29,"Apple: The EBRD is using its own funds to provide a 21.6 mln A loan while the B portion of 10 mln Euros has been syndicated to two Finnish commercial banks , Nordea Bank Finland Plc 7.7 mln Euros and Pohjola Bank Plc 2.3 mln Euros .",AAPL,0.13187716433015728,0.5828098965450315,0.2853129391248112,0.15343577479465392,0.5828098965450315,neutral,2023-03-29
2024-09-12,"Tesla: In his current position , Manty has worked since 1996 .",TSLA,0.26390175219782935,0.3524585181148894,0.38363972968728116,0.11973797748945181,0.38363972968728116,positive,2024-09-12
2023-10-09,Microsoft: Elcoteq SE is listed on the Nasdaq OMX Helsinki Ltd. .,MSFT,0.1288261064938027,0.7095256069613701,0.16164828654482719,0.0328221800510245,0.7095256069613701,neutral,2023-10-09
2023-09-06,Tesla: Sales for the Department Store Division increased by 15 % and sales for the clothing store subsidiary Seppala increased by 8 % Meanwhile sales for Hobby Hall decreased by 12 % .,TSLA,0.21604147783463007,0.11739170042396292,0.666566821741407,0.45052534390677695,0.666566821741407,positive,2023-09-06
2024-03-01,"Meta Platforms: The stock price rose 70.0 ores or 0.9 % to close at SEK77 .65 , ending a two-day streak of losses .",META,0.3238145495403558,0.27823806087411956,0.3979473895855246,0.07413284004516879,0.3979473895855246,positive,2024-03-01
2024-01-01,"Meta Platforms: `` The bond gathered subscriptions from some 400 investors and the issued amount can be considered substantial taking into account the main target group -- retail investors , '' Citycon CFO Eero Sihvonen said .",META,0.17571200050874103,0.6602326766282849,0.164055322862974,-0.011656677645767027,0.6602326766282849,neutral,2024-01-01
2024-09-11,Meta Platforms: Finnish power company Fortum reports 89 % of its electricity was generated without carbon dioxide emissions in 2007 .,META,0.10824727142980492,0.7343379369240575,0.15741479164613761,0.049167520216332694,0.7343379369240575,neutral,2024-09-11
2024-01-24,Tesla: - Provides summary of the medical equipment pipeline products that the company is developing .,TSLA,0.10972831879783762,0.5864339541050942,0.30383772709706813,0.1941094082992305,0.5864339541050942,neutral,2024-01-24
2024-01-12,"Netflix: I can say categorically , no , ' Wahlroos was quoted as saying by the paper , when asked about Sampo 's interest in making a bid for RSA .",NFLX,0.22746662208063018,0.6269251822356405,0.1456081956837293,-0.08185842639690089,0.6269251822356405,neutral,2024-01-12
2023-03-17,Nvidia: `` They 've already allocated money for the inventory .,NVDA,0.18775029615063293,0.4650319242881243,0.34721777956124283,0.1594674834106099,0.4650319242881243,neutral,2023-03-17
2023-01-17,Tesla: Investments in product development stood at 6.0 mln euro ( $ 8.8 mln ) .,TSLA,0.18726898263197145,0.4737487450227921,0.33898227234523637,0.15171328971326492,0.4737487450227921,neutral,2023-01-17
2023-10-19,Apple: High winds also toppled three semi-trailers on I-15 north of Barstow .,AAPL,0.3340959312031415,0.3401998239751078,0.3257042448217507,-0.008391686381390817,0.3401998239751078,neutral,2023-10-19
2024-12-31,"Tesla: Finnish energy company Fortum Oyj said on November 13 , 2007 it was granted an environmental permit to build a biofuel-fired combined heat and power CHP plant in Vartan harbor in eastern Stockholm .",TSLA,0.13376208272245138,0.5905198846242194,0.27571803265332917,0.1419559499308778,0.5905198846242194,neutral,2024-12-31
2024-10-31,"Netflix: Consumer products manufacturer Fiskars Corp. will open a distribution and warehouse center in Southaven , creating 100 jobs .",NFLX,0.14410933488600572,0.6048995687733129,0.2509910963406815,0.10688176145467579,0.6048995687733129,neutral,2024-10-31
2024-04-04,"Tesla: The company , employing 6,400 , reported net sales of 620 mln euro $ 823.2 mln for 2006 .",TSLA,0.22744848505215795,0.5310820915699949,0.24146942337784713,0.01402093832568918,0.5310820915699949,neutral,2024-04-04
2024-04-05,Netflix: The facility consists of a seven year bullet term loan of 200 mln euro $ 292.4 mln and a 150 mln euro $ 219.3 mln five year revolving credit facility .,NFLX,0.21736787899556403,0.42533092421261676,0.35730119679181915,0.13993331779625512,0.42533092421261676,neutral,2024-04-05
2023-10-13,Amazon: `` Rapala is excited to be partnering with RBFF and other industry leaders on this holiday promotion . '',AMZN,0.08177410324145672,0.6941343153268013,0.22409158143174193,0.14231747819028523,0.6941343153268013,neutral,2023-10-13
2023-05-10,"Meta Platforms: As a result , a total of 82 employees would be given notice .",META,0.5521325569523405,0.3362776898837845,0.1115897531638751,-0.44054280378846544,0.5521325569523405,negative,2023-05-10
2023-01-06,Amazon: The company also said that the deployment of the Danish 4G network continues and it expects to cover 75 % of the Danish population in 2011 .,AMZN,0.148888204429345,0.42673265040111563,0.42437914516953934,0.2754909407401943,0.42673265040111563,neutral,2023-01-06
2023-09-05,Microsoft: Olvi expects sales and market share to increase in the first quarter of 2010 .,MSFT,0.07407501449039866,0.09065651107375947,0.8352684744358418,0.7611934599454432,0.8352684744358418,positive,2023-09-05
2023-08-21,"Jpmorgan: To choose BasWare as the tools for our Financial Service seemed like a natural continuation of our cooperation '' , says Tommi Leskinen , Financial Applications Manager , Neste Oil Corporation .",JPM,0.04436308283444919,0.2942408918057357,0.6613960253598152,0.617032942525366,0.6613960253598152,positive,2023-08-21
2023-05-22,"Netflix: Pretax loss totalled EUR 49.9 mn , compared to a loss of EUR 15.4 mn in the corresponding period in 2008 .",NFLX,0.6883442692902588,0.028024543463518934,0.28363118724622216,-0.40471308204403666,0.6883442692902588,negative,2023-05-22
2023-07-10,"Microsoft: 4 February 2011 - Finnish broadband data communication systems provider Teleste Oyj HEL : TLT1V said Wednesday its net profit rocketed to EUR4 .8 m in 2010 from EUR416 ,000 in 2009 and it lifted its dividend proposal .",MSFT,0.15903498945634628,0.18819651796189013,0.6527684925817636,0.4937335031254173,0.6527684925817636,positive,2023-07-10
2023-01-18,"Jpmorgan: Sukhraj Dulai , of the 2900 block of Boni Sue Court , a cul-de-sac on the city 's north side , started the vehicle and went inside his house about 8 a.m. Tuesday , leaving the garage door open .",JPM,0.20215414407435553,0.5423104817916525,0.255535374133992,0.05338123005963649,0.5423104817916525,neutral,2023-01-18
2024-03-20,Microsoft: Kemira 's partner in the project is St. Petersburg Water Works .,MSFT,0.10277676223588555,0.6480654848478319,0.24915775291628264,0.1463809906803971,0.6480654848478319,neutral,2024-03-20
2024-11-08,"Jpmorgan: Net profit in the three months through March 31 fell to (  x20ac ) 103 million ( US$ 165 million ) from (  x20ac ) 131 million a year earlier , the Finnish company said .",JPM,0.8359070995786666,0.046532479017148895,0.11756042140418461,-0.718346678174482,0.8359070995786666,negative,2024-11-08
2024-05-20,"Jpmorgan: Metso will provide a recovery boiler with a capacity of 6,800 tonnes of dry solids per day and an evaporation plant with six thermal stages and a capacity of 1,600 tonnes per hour .",JPM,0.06969466787892016,0.5051267589052008,0.42517857321587893,0.3554839053369588,0.5051267589052008,neutral,2024-05-20
2023-11-23,Amazon: Aspocomp intends to set up a plant to manufacture printed circuit boards with an investment of Rs310 crore .,AMZN,0.047186316479921095,0.5837983928244904,0.3690152906955884,0.3218289742156673,0.5837983928244904,neutral,2023-11-23
2023-11-03,"Jpmorgan: An  of the invention , released by the Patent Office , said : `` The chambers are pressurized .",JPM,0.24430611836961827,0.5520431965337003,0.20365068509668138,-0.040655433272936886,0.5520431965337003,neutral,2023-11-03
2023-08-14,Microsoft: Diluted EPS rose to EUR3 .68 from EUR0 .50 .,MSFT,0.050534608252638565,0.09688175723669212,0.8525836345106693,0.8020490262580308,0.8525836345106693,positive,2023-08-14
2023-04-14,Nvidia: Finnish metal industry solutions supplier Outotec Oyj net profit rose to 50.4 mln euro ( $ 72.5 mln ) for the first nine months of 2007 from 20.1 mln euro ( $ 28.9 mln ) for the same period of 2006 .,NVDA,0.184143840338051,0.05701589397359446,0.7588402656883545,0.5746964253503035,0.7588402656883545,positive,2023-04-14
2024-03-13,"Nvidia: Markets had been expecting a poor performance , and the company 's stock was up 6 percent at  x20ac 23.89 US$ 33.84 in early afternoon trading in Helsinki .",NVDA,0.5131444777262402,0.22415175389243533,0.2627037683813245,-0.2504407093449157,0.5131444777262402,negative,2024-03-13
2024-02-19,Amazon: This allows devices such as mobile phones to become a few millimetres thinner .,AMZN,0.08966483270047636,0.6333635304728036,0.27697163682672005,0.18730680412624368,0.6333635304728036,neutral,2024-02-19
2023-01-05,Netflix: The venture recently agreed to buy Motorola 's wireless networks business for $ 1.2 billion and to deploy LightSquared 's national 4G network .,NFLX,0.06206006992059297,0.4456674106245278,0.49227251945487915,0.43021244953428617,0.49227251945487915,positive,2023-01-05
2023-10-31,"Apple: The number of class A shares remains unchanged at 9,526,089 shares .",AAPL,0.2861908068709545,0.5792698770220128,0.1345393161070327,-0.1516514907639218,0.5792698770220128,neutral,2023-10-31
2023-07-24,Amazon: The employee negotiations are to address measures needed to adjust the operations to the present production situation .,AMZN,0.28385622097850355,0.4505603888713725,0.265583390150124,-0.01827283082837955,0.4505603888713725,neutral,2023-07-24
2023-05-04,Jpmorgan: Certain shareholders have irrevocably agreed to vote in favor of the bond issue .,JPM,0.12231519445159418,0.6440396164595842,0.23364518908882156,0.11132999463722738,0.6440396164595842,neutral,2023-05-04
2024-05-28,"Microsoft: Tip of the week Panfish like bluegills are great fun to catch , especially for children new to fishing .",MSFT,0.08408712076374805,0.48413411103187376,0.4317787682043781,0.3476916474406301,0.48413411103187376,neutral,2024-05-28
2024-01-19,"Jpmorgan: According to preliminary information by the Finnish Forest Industries Federation , imports of roundwood to Finland increased to about 20 million m3 in 2005 , representing an increase of 15 % from 2004 .",JPM,0.12550662601416823,0.14918928849959853,0.7253040854862333,0.599797459472065,0.7253040854862333,positive,2024-01-19
2024-04-08,"Tesla: Previously , EB delivered a custom solution for LG Electronics and now is making it commercially available for other mobile terminal vendors as well as to wireless operators .",TSLA,0.04318885165323013,0.811270243848253,0.14554090449851687,0.10235205284528673,0.811270243848253,neutral,2024-04-08
2024-06-05,"Goldman Sachs: In the third quarter , net sales increased by 12 % year-on-year to EUR159 .5 m , or by 6 % at comparable currency rates growth .",GS,0.16470566778336135,0.03874355008583061,0.7965507821308079,0.6318451143474465,0.7965507821308079,positive,2024-06-05
2024-12-18,Google: Finnish meat company Atria can no longer promise a sufficient amount of domestic beef to its customers .,GOOGL,0.11090721695031196,0.5877550468819758,0.3013377361677122,0.19043051921740023,0.5877550468819758,neutral,2024-12-18
2024-08-09,"Google: Food sales totalled EUR 323.5 mn in October 2009 , representing a decrease of 5.5 % from October 2008 .",GOOGL,0.5790827304587108,0.17692759379934683,0.2439896757419423,-0.33509305471676853,0.5790827304587108,negative,2024-08-09
2024-03-28,"Apple: Clothing retail chain Sepp+Æl+Æ 's sales increased by 8 % to EUR 155.2 mn , and operating profit rose to EUR 31.1 mn from EUR 17.1 mn in 2004 .",AAPL,0.056663600503979165,0.016968484406373663,0.9263679150896471,0.869704314585668,0.9263679150896471,positive,2024-03-28
2024-10-03,"Amazon: When new types of network elements are added to the network , the conversion file is updated by adding the information required for converting the message format of the new network element type to the format understood by the management system .",AMZN,0.11523152297863631,0.6604087233397244,0.22435975368163916,0.10912823070300284,0.6604087233397244,neutral,2024-10-03
2023-12-15,"Goldman Sachs: The dividend is payable on February 1 , 2010 to shareholders of record on January 19 , 2010 .",GS,0.12918748925608314,0.5992703065339582,0.2715422042099586,0.14235471495387547,0.5992703065339582,neutral,2023-12-15
2024-12-20,Nvidia: The board of directors also proposed that a dividend of EUR0 .20 per outstanding share be paid .,NVDA,0.14219276910201675,0.6973754646538692,0.16043176624411398,0.01823899714209723,0.6973754646538692,neutral,2024-12-20
2024-07-10,Jpmorgan: The compnay also said that it would lower the price of development projects by about one third compared with last November .,JPM,0.43164352821947977,0.1946327772913722,0.37372369448914805,-0.057919833730331716,0.43164352821947977,negative,2024-07-10
2024-04-19,"Amazon: It comes complete with an LCD touch screen system for selection of your chosen function and prices start at around the pounds 4,805 mark .",AMZN,0.13812543967517338,0.6437676920555504,0.21810686826927633,0.07998142859410295,0.6437676920555504,neutral,2024-04-19
2024-10-22,"Jpmorgan: The gross area of the Innova 2 project will be about 10,000 sq m ( 107,600 sq ft ) .",JPM,0.08084017899887769,0.7661760749063865,0.15298374609473575,0.07214356709585806,0.7661760749063865,neutral,2024-10-22
2024-01-11,"Meta Platforms: wins 98 % acceptance 23 December 2009 - Finnish industrial machinery company Metso Oyj ( HEL : MEO1V ) said today it will complete its takeover offer for textile company Tamfelt Oyj Abp ( HEL : TAFKS ) , after acquiring 98 % of its shares and votes .",META,0.34062179210661553,0.2889884435491397,0.37038976434424475,0.029767972237629226,0.37038976434424475,positive,2024-01-11
2024-06-11,Amazon: Around 250 of these reductions will be implemented through pension arrangements .,AMZN,0.1346820707958111,0.7400121346044075,0.12530579459978153,-0.00937627619602957,0.7400121346044075,neutral,2024-06-11
2023-07-27,"Tesla: Martela said plans to expand its recycled furniture business elsewhere in Finland , too .",TSLA,0.22751542032508873,0.24413663663296584,0.5283479430419454,0.3008325227168567,0.5283479430419454,positive,2023-07-27
2024-12-04,"Meta Platforms: Yesterday , Legrand issued its E300 million fixed rate deal maturing 2017 .",META,0.14527117774622444,0.5669089124138045,0.2878199098399711,0.14254873209374663,0.5669089124138045,neutral,2024-12-04
2024-04-01,Apple: GenVec is a biopharmaceutical company developing novel therapeutic drugs and vaccines .,AAPL,0.07332614724968242,0.6844370047567341,0.24223684799358344,0.16891070074390102,0.6844370047567341,neutral,2024-04-01
2024-07-25,Google: Finnish lifting equipment maker Konecranes HEL : KCR1V said on 29 July 2009 it has raised its stake in Austrian manipulator maker ACS Konecranes to 80 % and bought German sector player Knight Europe .,GOOGL,0.1485553081183336,0.24867417181634877,0.6027705200653176,0.454215211946984,0.6027705200653176,positive,2024-07-25
2023-12-04,Nvidia: The company operates power plants in the Tyumen and Chelyabinsk regions and in the Khanty-Mansi Autonomous District .,NVDA,0.10626989496648549,0.6640772844735926,0.22965282055992187,0.12338292559343637,0.6640772844735926,neutral,2023-12-04
2024-09-25,"Meta Platforms: Luna took fifth place on six-under 207 , a shot behind Spain 's Beatriz Recari and Germany 's Martina Eberl , while Welsh player Becky Brewerton was the highest-placed British finisher , sharing seventh place on three-under 210 after shooting 71 .",META,0.17528708237462962,0.682860419857571,0.14185249776779935,-0.03343458460683027,0.682860419857571,neutral,2024-09-25
2023-02-23,"Meta Platforms: Previously , the company expected its 2008 financial performance to remain at the same level as in 2008 .",META,0.36539100467721064,0.3469181339231347,0.2876908613996547,-0.07770014327755592,0.36539100467721064,negative,2023-02-23
2023-03-24,"Nvidia: Bids or offers include at least 1,000 shares and the value of the shares must correspond to at least EUR4 ,000 .",NVDA,0.06512207594061324,0.8370985003310975,0.09777942372828932,0.03265734778767608,0.8370985003310975,neutral,2023-03-24
2024-01-05,"Jpmorgan: Because expenditures must be justified to pass budget approval hurdles , we believe our RoP model can help make it easier for IT and IT security practitioners to make the business case for acquiring enabling security technologies and related control activities .",JPM,0.07415482930769494,0.5650765405933181,0.3607686300989869,0.28661380079129195,0.5650765405933181,neutral,2024-01-05
2024-06-19,"Amazon: Member of the HK Ruokatalo Group in Finland , Scan , is launching a joint venture slaughterhouse with Team Ugglarp in Sk+_ne , southern Sweden .",AMZN,0.13569926575436614,0.6687803380577015,0.19552039618793224,0.0598211304335661,0.6687803380577015,neutral,2024-06-19
2024-08-14,Jpmorgan: Increase in the number of shares is based on the option rights which were granted to the management of the company under the stock option plan 2006 .,JPM,0.08912080992969983,0.671024499599678,0.23985469047062205,0.15073388054092224,0.671024499599678,neutral,2024-08-14
2023-11-17,Nvidia: Neither of the companies use genetically engineered soy at the moment .,NVDA,0.3435637328023061,0.4270167375437776,0.22941952965391643,-0.11414420314838969,0.4270167375437776,neutral,2023-11-17
2024-04-19,Apple: M. and a Master of Business Administration MBA .,AAPL,0.10610473005239086,0.6472615821993228,0.24663368774828617,0.1405289576958953,0.6472615821993228,neutral,2024-04-19
2024-02-08,"Amazon: Pretax profit totalled EUR 2.0 mn , compared to a loss of EUR 159.2 mn in the fourth quarter of 2008 .",AMZN,0.6368917510231956,0.03844193526666895,0.3246663137101355,-0.31222543731306013,0.6368917510231956,negative,2024-02-08
2024-12-03,"Apple: Outotec is currently delivering a new oil shale processing plant for Eesti Energia in Estonia based on Enefit technology , which has been developed jointly by Eesti Energia and Outotec .",AAPL,0.10015984983440808,0.619562661633205,0.28027748853238693,0.18011763869797887,0.619562661633205,neutral,2024-12-03
2024-04-23,"Tesla: The transaction is subject to a final agreement between the parties , approvals of their decision-making bodies and approval by the Finnish Competition Authority .",TSLA,0.10157651958295834,0.5671933262139769,0.3312301542030648,0.22965363462010646,0.5671933262139769,neutral,2024-04-23
2023-11-01,"Meta Platforms: He found him again , however , after the driver was involved in a two-car accident .",META,0.23774518694279043,0.5030003735649862,0.25925443949222343,0.021509252549433006,0.5030003735649862,neutral,2023-11-01
2024-12-10,Apple: Cash flow from operations in January-December 2008 was a negative EUR 18.1 mn compared to EUR 39.0 mn in the corresponding period in 2007 .,AAPL,0.6501184582471992,0.031631243706012994,0.31825029804678784,-0.3318681602004113,0.6501184582471992,negative,2024-12-10
2023-03-20,Meta Platforms: More than a third of the original participants dropped out due to nausea and other side effects .,META,0.5239169989482414,0.34538168100579203,0.13070132004596668,-0.3932156789022747,0.5239169989482414,negative,2023-03-20
2024-12-19,"Apple: shock phase ' , consumers have once again started to plan and implement building projects .",AAPL,0.11876270201969767,0.4386110753884619,0.4426262225918403,0.3238635205721426,0.4426262225918403,positive,2024-12-19
2023-04-24,Apple: Insurance policies should be simple .,AAPL,0.24697799957541897,0.5516229769164588,0.20139902350812222,-0.045578976067296745,0.5516229769164588,neutral,2023-04-24
2023-07-31,Google: Ramirent made 18 million kroons EUR 1.15 mln loss last year ; the year before the company was 7.3 million kroons in the black .,GOOGL,0.337172825230392,0.25312124070776104,0.4097059340618469,0.07253310883145492,0.4097059340618469,positive,2023-07-31
2024-08-22,"Jpmorgan: EQ Bank forecasts Olvi 's net sales at EUR 67mn in the second quarter of 2009 , and operating profit at EUR 6.4 mn .",JPM,0.4217698372981271,0.1260331854502369,0.452196977251636,0.030427139953508875,0.452196977251636,positive,2024-08-22
2024-06-20,"Apple: Acando AB ( ACANB SS ) fell 8.9 percent to 13.35 kronor , the lowest close since Dec. 11 .",AAPL,0.5556740447744609,0.21626073914382146,0.22806521608171762,-0.3276088286927433,0.5556740447744609,negative,2024-06-20
2024-12-10,"Microsoft: In addition , the company will reduce a maximum of ten jobs .",MSFT,0.3148325097030436,0.4295043475050895,0.2556631427918669,-0.05916936691117669,0.4295043475050895,neutral,2024-12-10
2024-07-02,"Netflix: Operating profit was EUR 9.8 mn , compared to a loss of EUR 12.7 mn in the corresponding period in 2009 .",NFLX,0.7032515908650608,0.01967522608770189,0.2770731830472373,-0.4261784078178235,0.7032515908650608,negative,2024-07-02
2024-04-10,"Netflix: In the end of 2006 , the number of outlets will rise to 60-70 .",NFLX,0.22673445221930846,0.4510025795141299,0.32226296826656164,0.09552851604725318,0.4510025795141299,neutral,2024-04-10
2023-09-11,"Google: Thanks to the development of a system that enables it to trace the origin of all the palm oil that it uses , it knows exactly where and how its palm oil has been produced .",GOOGL,0.19526711203010708,0.4045498602305423,0.40018302773935066,0.20491591570924358,0.4045498602305423,neutral,2023-09-11
2023-01-04,Amazon: Operating profit increased to EUR 14.0 mn from EUR 4.9 mn in the corresponding period in 2005 .,AMZN,0.2548785426391073,0.008812110047221912,0.7363093473136707,0.4814308046745634,0.7363093473136707,positive,2023-01-04
2023-03-31,"Tesla: Aldata Solution Oyj Thomas Hoyer CFO More information : Aldata Solution Oyj , Thomas Hoyer , CFO , tel. +358 45 670 0491 Aldata in brief Aldata Solution is one of the global leaders in supply chain software for retail , wholesale and logistics companies .",TSLA,0.10251379402311601,0.6005723333841221,0.2969138725927618,0.1944000785696458,0.6005723333841221,neutral,2023-03-31
2023-08-07,"Meta Platforms: Biohit , Inc. , has expanded its mLINE Family of Pipettors with the addition of the NEW 1-10 ml volume range .",META,0.071284896881543,0.581602772874792,0.34711233024366495,0.27582743336212195,0.581602772874792,neutral,2023-08-07
2023-01-31,Google: Consumption is forecast to grow by about 2 % .,GOOGL,0.13770388972841177,0.3888753868246898,0.4734207234468985,0.3357168337184867,0.4734207234468985,positive,2023-01-31
2024-01-08,"Microsoft: The Board of Directors proposes to the Shareholders ' Meeting on 18 March 2010 that the company would pay dividend for the financial year January 1 - December 31 , 2009 , EUR 0.02 per share .",MSFT,0.4674915069587002,0.32603653090432716,0.20647196213697264,-0.2610195448217275,0.4674915069587002,negative,2024-01-08
2024-07-22,Nvidia: hu will offer a further discount of between 25 % and 50 % on selected books .,NVDA,0.1712162249893855,0.5843642513721281,0.24441952363848635,0.07320329864910086,0.5843642513721281,neutral,2024-07-22
2024-12-04,"Apple: Raute posted a net profit of 1.8 mln euro $ 2.6 mln for the third quarter of 2007 , compared to a net loss of 299,000 euro $ 430,000 for the corresponding period of 2006 .",AAPL,0.7535662588573981,0.047146060740339724,0.1992876804022621,-0.5542785784551361,0.7535662588573981,negative,2024-12-04
2023-12-25,Netflix: Oriola-KD expects its invoicing in 2008 to be higher than the comparable invoicing of 2007 .,NFLX,0.2596253666726091,0.27975534472807506,0.46061928859931583,0.20099392192670673,0.46061928859931583,positive,2023-12-25
2024-10-01,Amazon: The company 's main shareholders Lihakunta and Itikka Osuuskunta have both made a commitment to acquire shares worth EUR 20mn .,AMZN,0.10652176891770893,0.4742403940797548,0.4192378370025362,0.31271606808482727,0.4742403940797548,neutral,2024-10-01
2024-12-20,"Amazon: The new Kroksberg railway tunnel will be built on a new section of track between Harnosand and Veda , forming part of the line that follows the coast of the Gulf of Bothnia .",AMZN,0.04737795877654383,0.7949232943846277,0.15769874683882842,0.1103207880622846,0.7949232943846277,neutral,2024-12-20
2024-09-19,Amazon: Operating profit rose to EUR 103.4 mn from EUR 23.2 in the corresponding period in 2006 .,AMZN,0.10175359360164388,0.012959131821884363,0.8852872745764718,0.7835336809748279,0.8852872745764718,positive,2024-09-19
2023-12-06,Jpmorgan: The diesel margin has remained high .,JPM,0.37596944818312095,0.3603234501199124,0.2637071016969666,-0.11226234648615435,0.37596944818312095,negative,2023-12-06
2023-08-25,Nvidia: - Profit before taxes was EUR 105.9 82.7 million .,NVDA,0.2863224775426682,0.4905902079219719,0.22308731453535996,-0.06323516300730825,0.4905902079219719,neutral,2023-08-25
2024-12-16,"Nvidia: The Americas represents 25 % of Gemalto 's billing , and Latin America is one of the fastest growing regions for the company .",NVDA,0.08261280207049647,0.5919982825553984,0.325388915374105,0.24277611330360854,0.5919982825553984,neutral,2024-12-16
2023-06-27,"Microsoft: Finnish holding company Panostaja Oyj said on June 12 , 2007 it has signed a letter of intent to acquire local Lahden Lampokasittely Oy and Heatmasters Oy , active in the heat treatment of metals , for a total 3.1 mln euro ( $ 4.1 mln ) .",MSFT,0.151625369213018,0.3893324798271134,0.4590421509598686,0.3074167817468506,0.4590421509598686,positive,2023-06-27
2023-10-27,"Amazon: DnB Nord of Norway is the `` most likely Nordic buyer '' for Citadele , while Nordea would be a `` good strategic fit '' , according to the document published by Pietiek .",AMZN,0.1283478676656288,0.6545631621436863,0.21708897019068482,0.08874110252505601,0.6545631621436863,neutral,2023-10-27
2023-02-23,Meta Platforms: The company also expects to sell its products in other Russian region .,META,0.08586220043561038,0.5542859032606476,0.3598518963037419,0.27398969586813154,0.5542859032606476,neutral,2023-02-23
2024-08-02,"Amazon: The tests , conducted at Nokia Siemens ' LTE center of competence in Espoo , Finland , follow the company 's production start of LTE-ready Flexi Multiradio Base Stations for the 800 MHz band in April 2010 , and complement earlier tests with Nokia on the 2100 MHz and 2600 MHz bands .",AMZN,0.1420727360875856,0.6319296526107059,0.22599761130170856,0.08392487521412295,0.6319296526107059,neutral,2024-08-02
2024-04-19,"Amazon: According to Scanfil 's President Harri Takanen , Scanfil 's investment activity proceeded according to the strategy on several fronts in 2010 .",AMZN,0.1782630340763707,0.554451965577752,0.2672850003458774,0.08902196626950667,0.554451965577752,neutral,2024-04-19
2023-03-03,"Netflix: Finland 's Neste Oil has been awarded the Chemical Industry Federation of Finland 's Innovation Award for its NExBTL technology , which enables biodiesel to be produced from vegetable oil and animal fat .",NFLX,0.12488615484490745,0.31334549698127373,0.5617683481738188,0.4368821933289114,0.5617683481738188,positive,2023-03-03
2023-06-12,"Apple: Under the agreement , Japrotek will deliver nine storage tanks in the volume range of 1,000 cu m to 3,000 cu m with included agitators .",AAPL,0.06658238271604909,0.6245479745386232,0.3088696427453277,0.24228726002927858,0.6245479745386232,neutral,2023-06-12
2024-02-09,Google: Outotec 's net profit for the second quarter of 2007 jumped to 16.8 mln euro ( $ 23.1 mln ) from 4.6 mln euro ( $ 6.3 mln ) a year ago .,GOOGL,0.3324667800707188,0.11697854515234903,0.5505546747769322,0.21808789470621343,0.5505546747769322,positive,2024-02-09
2024-01-31,Google: There have not been previous share subscriptions with 2004 stock options .,GOOGL,0.19185605606155526,0.6333188236319369,0.17482512030650774,-0.01703093575504752,0.6333188236319369,neutral,2024-01-31
2024-08-08,"Amazon: Finnish Neste Oil that was previously on the list , has fallen off the list completely .",AMZN,0.4890357945325542,0.30406946148289576,0.20689474398455016,-0.28214105054800404,0.4890357945325542,negative,2024-08-08
2023-07-13,"Goldman Sachs: Aspo 's strong company brands - ESL Shipping , Leipurin , Telko and Kaukomarkkinat - aim to be the market leaders in their sectors .",GS,0.12066393120985013,0.39408470089920994,0.48525136789094003,0.3645874366810899,0.48525136789094003,positive,2023-07-13
2024-11-06,"Microsoft: According to Nordic financial group Nordea 's analyst Sami Sarkamies , this makes Nokia 's portfolio competitive again .",MSFT,0.12375161230021335,0.5062498470294394,0.36999854067034726,0.2462469283701339,0.5062498470294394,neutral,2024-11-06
2023-11-22,"Netflix: U.S.-based T Corp. is in talks with Scandinavian telecoms company TeliaSonera to sell its stake in Uzbek cellular operator Coscom , an executive at Coscom told Interfax .",NFLX,0.06262334047473725,0.66410516570561,0.2732714938196528,0.21064815334491557,0.66410516570561,neutral,2023-11-22
2024-08-23,Tesla: The expanded company will continue to be called NewPage .,TSLA,0.1453711948713693,0.6556923888905568,0.19893641623807376,0.05356522136670447,0.6556923888905568,neutral,2024-08-23
2023-06-23,Google: The contract has been allotted as per lowest price criteria .,GOOGL,0.22376313879716012,0.3963249249600774,0.37991193624276254,0.15614879744560242,0.3963249249600774,neutral,2023-06-23
2023-01-27,"Google: The long-standing partnership and commitment enable both parties to develop their respective operations , and ESL Shipping will also have the opportunity to update its fleet and improve its efficiency .",GOOGL,0.0633783628825711,0.18035935812435896,0.75626227899307,0.6928839161104989,0.75626227899307,positive,2023-01-27
2023-02-09,"Goldman Sachs: After the transaction , Danske Bank becomes an equal player with Nordic bank group Nordea in the Nordic countries .",GS,0.10984327486443433,0.48403129051957605,0.4061254346159896,0.29628215975155525,0.48403129051957605,neutral,2023-02-09
2023-09-29,Amazon: The share subscription period will expire on 30 September 2007 .,AMZN,0.1322323247411028,0.6867045989242792,0.18106307633461813,0.048830751593515326,0.6867045989242792,neutral,2023-09-29
2024-11-27,"Microsoft: Nokia 's share price fell less than one percent to 18.70 euros ( $ 25.41 ) in Helsinki , while Siemens shares fell 1.02 percent to 90.19 euros ( $ 122.57 ) in Frankfurt .",MSFT,0.6084901388035434,0.18793575413943747,0.2035741070570192,-0.40491603174652424,0.6084901388035434,negative,2024-11-27
2023-02-06,"Nvidia: Furthermore , sales of new passenger cars and light commercial vehicles in the country declined by 5.4 % year-on-year last month .",NVDA,0.40899872786029057,0.1659314412003727,0.4250698309393367,0.016071103079046134,0.4250698309393367,positive,2023-02-06
2023-09-27,"Tesla: Honkarakenne also decided yesterday to sell 88,500 of its B series shares to key staff members for EUR2 .9 per share .",TSLA,0.3207875124859635,0.44164320521254746,0.23756928230148922,-0.08321823018447427,0.44164320521254746,neutral,2023-09-27
2023-03-22,"Goldman Sachs: Of these shares 29,659,239 are held by the Company or its group companies and the number of outstanding shares and voting rights attached to the shares thus amounts to 322,705,218 .",GS,0.1437403776053872,0.7518683633591127,0.10439125903550012,-0.03934911856988707,0.7518683633591127,neutral,2023-03-22
2024-11-12,"Nvidia: Cargotec 's sales totalled EUR 3.4 billion in 2008 and it employs approximately 11,000 people .",NVDA,0.1764342196042071,0.7049167352934089,0.11864904510238397,-0.05778517450182313,0.7049167352934089,neutral,2024-11-12
2024-05-08,Goldman Sachs: The identity of the buyer is not yet known .,GS,0.12450833365637384,0.7480586945900234,0.1274329717536029,0.0029246380972290653,0.7480586945900234,neutral,2024-05-08
2024-07-11,Google: What would you like to see changed on Nokia 's next attempt ?,GOOGL,0.15504471970339137,0.6996221413007183,0.14533313899589037,-0.009711580707501,0.6996221413007183,neutral,2024-07-11
2024-06-05,"Apple: For 2009 , net profit was EUR 3 million and the company paid a dividend of EUR 1.30 apiece .",AAPL,0.22588071950769315,0.4744738366609618,0.2996454438313451,0.07376472432365197,0.4744738366609618,neutral,2024-06-05
2024-04-24,"Tesla: Mercator will use the software for its logistic , retail and wholesale operations in Slovenia and its other markets in southeastern Europe .",TSLA,0.04860048472776858,0.5373874128957118,0.41401210237651953,0.36541161764875096,0.5373874128957118,neutral,2024-04-24
2024-07-18,Google: Aspokem posted an operating profit of 2.7 mln euro ( $ 3.5 mln ) and net sales of 89.1 mln euro ( $ 116.8 mln ) in 2006 .,GOOGL,0.20391872238225367,0.365777895935478,0.4303033816822684,0.22638465930001472,0.4303033816822684,positive,2024-07-18
2023-01-06,Tesla: `` Those uncertainties cloud the long-term outlook . '',TSLA,0.163305590589298,0.31550404733459003,0.5211903620761119,0.3578847714868139,0.5211903620761119,positive,2023-01-06
2024-09-24,"Apple: Following the payment made in April , the company has a total of EUR 23.0 million in loans from financial institutions .",AAPL,0.29113317361364094,0.4787728254898841,0.23009400089647492,-0.061039172717166024,0.4787728254898841,neutral,2024-09-24
2024-06-25,"Meta Platforms: The parties have also agreed that L+Ænnen Tehtaat has the right to sell the remaining shares in Suomen Rehu to Hankkija-Maatalous 15 months after the purchase of the majority holding , at the earliest .",META,0.17071930533663712,0.5625447487992682,0.26673594586409477,0.09601664052745765,0.5625447487992682,neutral,2024-06-25
2024-06-24,"Meta Platforms: This will be done domestically and in neighboring markets , both organically and through acquisitions .",META,0.03908341556975154,0.6228004858139519,0.33811609861629666,0.2990326830465451,0.6228004858139519,neutral,2024-06-24
2023-10-16,"Apple: Includes company and brand share data by category , as well as distribution channel data .",AAPL,0.06008107122273404,0.8372876324583621,0.10263129631890394,0.0425502250961699,0.8372876324583621,neutral,2023-10-16
2024-08-08,"Microsoft: The effect may remain short-lived , however .",MSFT,0.3466358929702807,0.40903353718590324,0.24433056984381607,-0.10230532312646462,0.40903353718590324,neutral,2024-08-08
2023-10-06,Microsoft: It is a disappointment to see the plan folded .,MSFT,0.07939669301289387,0.6947618889919047,0.22584141799520138,0.1464447249823075,0.6947618889919047,neutral,2023-10-06
2023-02-06,"Meta Platforms: Garmin fell 4.5 percent to $ 34.53 at 1:33 p.m. in New York , while Google slid 0.7 percent at $ 576.50 .",GOOGL,0.4545346882479576,0.28235216857641415,0.26311314317562823,-0.1914215450723294,0.4545346882479576,negative,2023-02-06
2023-02-06,"Meta Platforms: Garmin fell 4.5 percent to $ 34.53 at 1:33 p.m. in New York , while Google slid 0.7 percent at $ 576.50 .",META,0.4545346882479576,0.28235216857641415,0.26311314317562823,-0.1914215450723294,0.4545346882479576,negative,2023-02-06
2024-10-24,Jpmorgan: The plant would use palm oil certified by the Roundtable on Sustainable Palm Oil ( RSPO ) .,JPM,0.18062734375567624,0.5505978581374761,0.2687747981068476,0.08814745435117138,0.5505978581374761,neutral,2024-10-24
2023-06-21,"Jpmorgan: With the second phase of the new Innova building , Tecnopolis presence in Jyvaskyla will increase to a total of approximately 62,000 floor square meters .",JPM,0.0453372709075718,0.5881983862292391,0.3664643428631891,0.3211270719556173,0.5881983862292391,neutral,2023-06-21
2023-03-16,Netflix: About Nokia Nokia is a pioneer in mobile telecommunications and the world 's leading maker of mobile devices .,NFLX,0.12962443428836132,0.45402273273392013,0.41635283297771847,0.2867283986893572,0.45402273273392013,neutral,2023-03-16
2024-03-29,"Jpmorgan: Dirk Jones , head of Financial Institutions Client Sales Management , GTS , Citigroup , Inc , said , ` Citi is extremely pleased to be providing global custody services to Pohjola Group Bank .",JPM,0.09085389657471409,0.393922370257747,0.5152237331675389,0.4243698365928248,0.5152237331675389,positive,2024-03-29
2023-06-20,"Tesla: Operating profit fell to EUR 35.4 mn from EUR 68.8 mn in 2007 , including vessel sales gain of EUR 12.3 mn .",TSLA,0.5903504118927873,0.05225584489522132,0.35739374321199147,-0.2329566686807958,0.5903504118927873,negative,2023-06-20
2024-09-18,"Apple: The Helsinki-based company , which also owns the Salomon , Atomic and Suunto brands , said net profit rose 15 percent in the three months through Dec. 31 to (  x20ac ) 47 million ( $ 61US million ) , from (  x20ac ) 40.8 million a year earlier .",AAPL,0.2231839265309237,0.08797079788266893,0.6888452755864074,0.46566134905548373,0.6888452755864074,positive,2024-09-18
2023-11-21,"Meta Platforms: An additional amount , capped at EUR12m , is payable in cash upon the achievement of certain financial performance targets in 2007 .",META,0.1718664057561826,0.6296585409633374,0.19847505328048,0.026608647524297424,0.6296585409633374,neutral,2023-11-21
2023-01-04,Netflix: The board further said the company omitted to tender for a substantial part of the works and as such they had rightfully been found non-responsive by the evaluation team .,NFLX,0.1597532311295033,0.630200671791246,0.21004609707925073,0.05029286594974744,0.630200671791246,neutral,2023-01-04
2024-11-26,"Netflix: Since inception in 1999 , Access ' stable management team has remained disciplined and focused on the proactive screening , selection and management of European small to mid-market buy-out funds of funds and mandates .",NFLX,0.177243255161662,0.5457783372524311,0.2769784075859071,0.09973515242424508,0.5457783372524311,neutral,2024-11-26
2024-01-11,Microsoft: Sponda Plc 's Annual General Meeting decided on 23 March 2005 to establish a Shareholders ' Nomination Committee to prepare proposals for the Annual General Meeting in 2006 on the composition of the Board of Directors and their remuneration .,MSFT,0.09292112723079028,0.765069240244453,0.14200963252475673,0.04908850529396645,0.765069240244453,neutral,2024-01-11
2023-07-12,Microsoft: Affecto has helped SKAT to set up the platform and has previously delivered several Business Intelligence projects for SKAT .,MSFT,0.06787116522927222,0.4368324368965746,0.4952963978741532,0.42742523264488097,0.4952963978741532,positive,2023-07-12
2024-05-09,Nvidia: HELSINKI ( AFX ) - KCI Konecranes said that Franklin Resources Inc 's share of voting rights in the Finnish cranes company fell last week to 4.65 pct from more than 9 pct in October 2005 .,NVDA,0.4905483603385214,0.19152554612109302,0.31792609354038565,-0.17262226679813575,0.4905483603385214,negative,2024-05-09
2024-01-23,Apple: The new units should become one of the largest ones within the company .,AAPL,0.08550217099367519,0.6146948823611511,0.2998029466451737,0.21430077565149852,0.6146948823611511,neutral,2024-01-23
2023-01-23,Google: Finnish beverage company Olvi is one of the last listed companies in Finland that has not yet published its financial result for the second quarter of 2009 .,GOOGL,0.34249178097925964,0.3823156755572317,0.27519254346350863,-0.06729923751575101,0.3823156755572317,neutral,2023-01-23
2024-07-09,Google: Applying for summer work is seen as laborious and stressful .,GOOGL,0.050741879686297314,0.7568129547796852,0.1924451655340174,0.14170328584772007,0.7568129547796852,neutral,2024-07-09
2023-10-20,Tesla: Finnish plastic pipe maker Uponor is selling its Irish and UK infrastructure businesses to private equity company 3i .,TSLA,0.07712699439561872,0.6237132663649236,0.2991597392394577,0.222032744843839,0.6237132663649236,neutral,2023-10-20
2024-05-27,Tesla: Finnish Cargotec has been awarded a significant order for a total of 292 Hiab loader cranes by BAE Systems in the US .,TSLA,0.15199053345344019,0.13506515476628983,0.71294431178027,0.5609537783268298,0.71294431178027,positive,2024-05-27
2024-10-16,Goldman Sachs: stores 16 March 2010 - Finnish stationery and gift retailer Tiimari HEL : TII1V said yesterday that it will cut a total of 28 jobs in its units Tiimari Retail Ltd and Gallerix Finland Ltd as a result of the closure of shops .,GS,0.48822892329485695,0.25150541925105396,0.260265657454089,-0.22796326584076793,0.48822892329485695,negative,2024-10-16
2024-03-21,"Amazon: Demand seems to have hit bottom now , and some signs of improvement can be seen .",AMZN,0.18383765530494103,0.27485836867674,0.5413039760183189,0.3574663207133779,0.5413039760183189,positive,2024-03-21
2024-05-06,"Goldman Sachs: On the basis of competitive bidding OOO Kitai Stroi , the Russian subsidiary of China State Construction Engineering Corporation , a construction company owned by China State , has been selected as the main constructor .",GS,0.15428170886326525,0.42353485039684663,0.42218344073988806,0.2679017318766228,0.42353485039684663,neutral,2024-05-06
2023-07-05,"Netflix: Deutsche Beteiligungs , as well as a private equity fund it manages , first bought 75 % of MCE in a secondary buyout from White Plains , N.Y. , financial investor Andlinger & Co. in 2007 .",NFLX,0.0925614111947798,0.6811320402692715,0.22630654853594867,0.13374513734116888,0.6811320402692715,neutral,2023-07-05
2023-06-23,"Tesla: Mobile phone shipments jumped 26 percent to almost 112 million units , while Finnish company 's global market share rose to 39 percent from 36 percent .",TSLA,0.0698777420430833,0.160395636455985,0.7697266215009317,0.6998488794578485,0.7697266215009317,positive,2023-06-23
2023-10-31,"Microsoft: Tim Cockroft brings with him an excellent track record having more than 18 years experience ; moreover , Tim has successfully developed the Capital Markets operations at Kaupthing Singer & Friedlander involving corporate finance and broking with a focus on mid-market companies .",MSFT,0.08822961285034273,0.4307322933366235,0.48103809381303375,0.39280848096269105,0.48103809381303375,positive,2023-10-31
2024-09-16,Netflix: The shares subscribed will be eligible for trade on the following day from the registration .,NFLX,0.1090503571884303,0.7876020994085967,0.10334754340297286,-0.005702813785457436,0.7876020994085967,neutral,2024-09-16
2024-01-18,"Meta Platforms: After the transaction , M-real will own 30 % in Metsa-Botnia and UPM -- 17 % .",META,0.1079865287066309,0.7090704452000558,0.18294302609331334,0.07495649738668243,0.7090704452000558,neutral,2024-01-18
2023-09-12,"Microsoft: Operating profit surged to EUR21m from EUR106 ,000 .",MSFT,0.2660713023051653,0.22078463809828344,0.5131440595965513,0.247072757291386,0.5131440595965513,positive,2023-09-12
2024-07-23,Meta Platforms: A total of 140 jobs will be reduced at the Raahe Steel Works .,META,0.2819285217172268,0.6104417404143985,0.10762973786837465,-0.17429878384885217,0.6104417404143985,neutral,2024-07-23
2024-09-16,"Google: `` Indo-Russia trade can cross the targeted 10 billion dollars by 2010 and double to 20 billion dollars by 2015 , if trade irritants and procedural hassles are resolved , '' the chamber said in its survey on obstacles to trade with Russia .",GOOGL,0.3404171101395075,0.32180193831565546,0.337780951544837,-0.002636158594670479,0.3404171101395075,negative,2024-09-16
2024-10-22,Netflix: The insurer anticipates its share in Nordea 's net profit to be significant .,NFLX,0.22327057988087237,0.26861706365870974,0.508112356460418,0.28484177657954557,0.508112356460418,positive,2024-10-22
2023-08-08,"Microsoft: The subscriptions increase Cargotec 's share capital by 36,780 euros .",MSFT,0.09742557712171218,0.41671847123315553,0.4858559516451323,0.3884303745234201,0.4858559516451323,positive,2023-08-08
2024-06-03,Netflix: The bridge will be built to the south of the existing bridge spanning the strait .,NFLX,0.06257453620007923,0.763811732179825,0.17361373162009577,0.11103919542001654,0.763811732179825,neutral,2024-06-03
2024-03-07,"Netflix: Operating result for the 12-month period decreased from the profit of EUR0 .4 m while turnover decreased from EUR5 .6 m , as compared to 2004 .",NFLX,0.9495860703925029,0.021609107252360885,0.028804822355136157,-0.9207812480373667,0.9495860703925029,negative,2024-03-07
2023-11-24,"Apple: Among paper issues , Stora Enso R was little changed -- up 0.08 pct at 12.03 eur , UPM-Kymmene was 0.48 pct higher at 18.77 eur and M-real B added 0.50 pct to 3.99 eur .",AAPL,0.3874292172155153,0.17753403426245487,0.4350367485220299,0.04760753130651457,0.4350367485220299,positive,2023-11-24
2023-10-18,"Apple: Salcomp 's charger manufacturing plant in India is located in the Nokia Telecom Park in the state of Tamil Nadu , in the eastern part of India .",AAPL,0.1091212325596505,0.6153183978118019,0.27556036962854763,0.16643913706889713,0.6153183978118019,neutral,2023-10-18
2023-03-24,"Google: The liquidity providing was interrupted on May 11 , 2007 when Aspocomp Group Oyj 's shares traded below 0.50 cent ( Aspocomp 's stock exchange release 11.5.2007 ) .",GOOGL,0.33831982324909726,0.5551255718201015,0.10655460493080117,-0.2317652183182961,0.5551255718201015,neutral,2023-03-24
2023-07-20,Nvidia: LONDON MarketWatch -- Nokia nok said it 's won a five-year services contract to run Hutchison Essar 's network operations in nine locations in India .,NVDA,0.09781740318507749,0.11792387794702804,0.7842587188678944,0.686441315682817,0.7842587188678944,positive,2023-07-20
2024-02-06,"Microsoft: LONDON AFX - Shares in Rautaruukki Corp have been upgraded to ` hold ' from ` sell ' by ABN Amro , with the price target raised to 25.75 eur from 14.5 , said dealers .",MSFT,0.32788313354872106,0.18405124212681545,0.48806562432446354,0.16018249077574248,0.48806562432446354,positive,2024-02-06
2024-10-09,Amazon: The net sales decreased to EUR 49.8 million from EUR 59.9 million .,AMZN,0.8426148945006531,0.05247828450440643,0.10490682099494046,-0.7377080735057127,0.8426148945006531,negative,2024-10-09
2024-09-25,Netflix: The medium-term operative targets of the company remain unchanged .,NFLX,0.15450268042896256,0.5456399587947178,0.2998573607763196,0.14535468034735702,0.5456399587947178,neutral,2024-09-25
2023-05-17,"Netflix: Upon establishment , the plan is directed to approximately 20 persons .",NFLX,0.10406549911236461,0.7348526436096279,0.16108185727800747,0.057016358165642864,0.7348526436096279,neutral,2023-05-17
2024-05-10,"Apple: The Internal Revenue Service sees about 20 percent of all taxpayers wait until the last two weeks to file , with about 40 million returns filed in April .",AAPL,0.2233746269564838,0.3381088882585843,0.4385164847849319,0.21514185782844808,0.4385164847849319,positive,2024-05-10
2023-03-03,"Goldman Sachs: Finnish engineering and technology company Metso Oyj said on May 27 , 2008 it completed the acquisition of paper machinery technology from Japanese engineering company Mitsubishi Heavy Industries ( MHI ) for an undisclosed sum .",GS,0.09488555266260507,0.3339416876788791,0.5711727596585159,0.4762872069959108,0.5711727596585159,positive,2023-03-03
2024-05-08,Nvidia: `` We want to serve K-citymarket customers by offering them interesting and topical selections .,NVDA,0.11034701967297099,0.471930785715368,0.41772219461166105,0.30737517493869004,0.471930785715368,neutral,2024-05-08
2023-09-07,"Jpmorgan: `` I 'm trying to deal with slavery from a different perspective to balance the story , '' says DeRamus , formerly a writer at the Detroit Free Press and the Detroit News .",JPM,0.13620529357149058,0.3752620657474032,0.48853264068110624,0.35232734710961566,0.48853264068110624,positive,2023-09-07
2023-11-24,Goldman Sachs: Finnish Talvivaara Mining Co HEL : TLV1V said Thursday it had picked BofA Merrill Lynch and JPMorgan NYSE : JPM as joint bookrunners of its planned issue of convertible notes worth up to EUR250m USD332m .,JPM,0.14133317118761257,0.46703710850411523,0.3916297203082721,0.2502965491206595,0.46703710850411523,neutral,2023-11-24
2023-11-24,Goldman Sachs: Finnish Talvivaara Mining Co HEL : TLV1V said Thursday it had picked BofA Merrill Lynch and JPMorgan NYSE : JPM as joint bookrunners of its planned issue of convertible notes worth up to EUR250m USD332m .,GS,0.14133317118761257,0.46703710850411523,0.3916297203082721,0.2502965491206595,0.46703710850411523,neutral,2023-11-24
2024-06-07,"Goldman Sachs: The Innova 2 building will be located close to downtown , in the immediate vicinity of Paviljonki and the travel center , and within walking distance from the heart of the city thanks to the trade fair bridge .",GS,0.24446700261941312,0.480514928545207,0.2750180688353798,0.030551066215966705,0.480514928545207,neutral,2024-06-07
2023-11-07,Microsoft: Combining this deep domain expertise with our Application Service Management ASM and outsourcing service offerings has now proved to be a winning combination .,MSFT,0.0767980260829911,0.33931859378842016,0.5838833801285886,0.5070853540455975,0.5838833801285886,positive,2023-11-07
2024-08-13,"Goldman Sachs: The world 's second largest stainless steel maker said net profit in the three-month period until Dec. 31 surged to euro603 million US$ 781 million , or euro3 .33 US$ 4.31 per share , from euro172 million , or euro0 .94 per share , the previous year .",GS,0.48788404460251705,0.12046274353508758,0.39165321186239527,-0.09623083274012179,0.48788404460251705,negative,2024-08-13
2024-01-25,"Apple: UPM is talking to Myllykoski+ˆ s creditor banks -- Nordea ( STO : NDA ) , Nordic Investment Bank and Danske Bank+ˆ s ( CPH : DANSKE ) Sampo Bank -- over a deal , the paper said .",AAPL,0.13909456096614903,0.5524993936297293,0.3084060454041217,0.16931148443797267,0.5524993936297293,neutral,2024-01-25
2024-12-31,Google: Electronic versions require 24-48 hours as each copy is customized to the client with digital controls and custom watermarks .,GOOGL,0.09415444331851347,0.7311813793175204,0.17466417736396617,0.0805097340454527,0.7311813793175204,neutral,2024-12-31
2024-04-11,Amazon: The value of the order is nearly EUR400m .,AMZN,0.024914286386331856,0.893212118468139,0.08187359514552928,0.05695930875919742,0.893212118468139,neutral,2024-04-11
2023-08-04,Tesla: As a result of these negotiations the company has decided to make 45 people redundant on financial and production grounds .,TSLA,0.6201423665730548,0.259769439476589,0.12008819395035622,-0.5000541726226986,0.6201423665730548,negative,2023-08-04
2024-07-19,"Nvidia: Talvik says the relocation of application programs on servers will continue , while HP servers were approved because of HP supplying a tailor-made solution to Elisa .",NVDA,0.2089016085697621,0.41270225967455265,0.37839613175568537,0.16949452318592328,0.41270225967455265,neutral,2024-07-19
2023-10-25,Jpmorgan: Return on capital employed rose by 4.8 percentage points to 19.6 % .,JPM,0.14711267008295986,0.22029366564065572,0.6325936642763844,0.48548099419342455,0.6325936642763844,positive,2023-10-25
2024-01-25,"Tesla: Neste Oil extended yesterday 's gains and put on 0.49 pct to 22.72 eur , while utility Fortum shed 1.14 pct to 20.76 eur .",TSLA,0.33679389630523976,0.3172848150391803,0.34592128865557986,0.009127392350340102,0.34592128865557986,positive,2024-01-25
2023-04-11,"Meta Platforms: EPS for the quarter was EUR0 .00 , as compared with EUR0 .01 in the third quarter of 2008 , representing a Group net sales for the third quarter were EUR15 .3 m , up by 2.8 % as compared with EUR14 .9 m in the third quarter of 2008 .",META,0.46308042302338115,0.12001731595961553,0.41690226101700323,-0.04617816200637792,0.46308042302338115,negative,2023-04-11
2023-03-29,Amazon: The order also includes start-up and commissioning services .,AMZN,0.0299547086973961,0.6997081618913619,0.27033712941124216,0.24038242071384605,0.6997081618913619,neutral,2023-03-29
2024-02-26,Tesla: Finnish food industry companies are interested in the opportunities provided by Ukraine .,TSLA,0.3213786490838375,0.3274960825695263,0.35112526834663615,0.029746619262798646,0.35112526834663615,positive,2024-02-26
2023-05-17,"Goldman Sachs: HELSINKI ( AFX ) - Shares closed higher , led by Nokia after it announced plans to team up with Sanyo to manufacture 3G handsets , and by Nokian Tyres after its fourth-quarter earnings report beat analysts ' expectations , dealers said .",GS,0.22820269593875503,0.2588353105351801,0.5129619935260649,0.28475929758730983,0.5129619935260649,positive,2023-05-17
2024-12-30,Nvidia: Two other sites will be included later on .,NVDA,0.049781515058836615,0.8635201742050927,0.08669831073607058,0.036916795677233966,0.8635201742050927,neutral,2024-12-30
2024-09-17,"Jpmorgan: `` Uncommonly weak snow conditions in nearly every market have affected our first quarter result , '' Chief Executive Roger Talermo said .",JPM,0.6107467405578789,0.08531410984472045,0.3039391495974005,-0.30680759096047844,0.6107467405578789,negative,2024-09-17
2024-05-27,"Jpmorgan: The prerequisite for inclusion in the program and for receipt of any gains is that key employees acquire Aspo shares to the amount determined by the Board in advance , in the maximum .",JPM,0.20403923565577747,0.6090419997881961,0.18691876455602643,-0.01712047109975104,0.6090419997881961,neutral,2024-05-27
2024-06-20,"Tesla: A data processing unit collects the data , calculates RVR values and provides the data to users via various interfaces .",TSLA,0.09975719315658771,0.7542511426400543,0.14599166420335796,0.046234471046770254,0.7542511426400543,neutral,2024-06-20
2024-03-11,Microsoft: Unilever 's Turun Sinappi that is made in Sweden holds 40 % of the market .,MSFT,0.14784302225572873,0.6714381565844442,0.18071882115982704,0.03287579890409831,0.6714381565844442,neutral,2024-03-11
2023-02-14,"Nvidia: The sale , which will result in a gain of some EUR 60 million in the second quarter of 2010 for Oriola-KD , supports the Finnish company 's strategy to focus on pharmaceutical wholesale and retail operations .",NVDA,0.1701362224797023,0.25873701797861015,0.5711267595416876,0.4009905370619853,0.5711267595416876,positive,2023-02-14
2023-10-13,"Netflix: Based on the 2005 calendar year the combined company had EUR15 .8 bn in pro forma annual revenues and is expected to start operations with 60,000 employees .",NFLX,0.12882561361247266,0.661850510656051,0.20932387573147643,0.08049826211900377,0.661850510656051,neutral,2023-10-13
2023-12-28,"Netflix: Editor 's note : Grimaldi generated a 1.7 bln euro ( $ 2.182 bln ) turnover in 2005 , ANSA reported on May 29 , 2006 .",NFLX,0.18100951780409302,0.6027346812122901,0.2162558009836168,0.035246283179523774,0.6027346812122901,neutral,2023-12-28
2024-10-30,"Microsoft: The orders consist in total of over 1,600 panels of lift-away weatherdeck hatch covers and they will be delivered for container vessels with capacities ranging from 2,000 to 13,300 TEUs .",MSFT,0.09697830673499369,0.6901193772648891,0.21290231600011703,0.11592400926512333,0.6901193772648891,neutral,2024-10-30
2023-06-09,"Nvidia: It rose by 15.7 % and by 24.8 % in Finland and abroad , respectively , to EUR 7 million and EUR 4.2 million , due to a 40 % growth in Russia .",NVDA,0.2375998096661629,0.08122630129814264,0.6811738890356944,0.4435740793695315,0.6811738890356944,positive,2023-06-09
2023-12-29,"Apple: In addition to its stake in MegaFon , Telecominvest currently owns 100 % of shares in Web Plus and St. Petersburg Payphones , 51 % in telecom equipment producer Peter-Servis and a number of other minor assets .",AAPL,0.11582498443193713,0.5860846975344661,0.2980903180335968,0.1822653336016597,0.5860846975344661,neutral,2023-12-29
2023-09-08,Nvidia: The subscription period of Amer Sports ' 2002 warrant scheme will end on 31 December 2007 .,NVDA,0.16551874861078442,0.6199466260271738,0.21453462536204188,0.04901587675125746,0.6199466260271738,neutral,2023-09-08
2023-04-10,"Goldman Sachs: The fixed-term contract of Mr. Jarmo Ukonaho , the current General Manager of Incap 's Indian operations , will finish by the end of the year .",GS,0.21406902473596517,0.35893181933920515,0.4269991559248298,0.2129301311888646,0.4269991559248298,positive,2023-04-10
2023-03-16,"Goldman Sachs: Scanfil , a systems supplier and contract manufacturer to the communications sector , will start personnel negotiations in Oulu , in Finland , to lay off staff temporarily .",GS,0.8520643598120989,0.10463070191705316,0.04330493827084795,-0.808759421541251,0.8520643598120989,negative,2023-03-16
2023-09-25,Apple: Operating profit totaled EUR 17.7 mn compared to EUR 17.6 mn in the corresponding period in 2007 .,AAPL,0.7761321538162206,0.04012298551811553,0.18374486066566387,-0.5923872931505567,0.7761321538162206,negative,2023-09-25
2023-03-02,Jpmorgan: `` The sale of the oxygen measurement business strengthens our goal to focus on our chosen market segments .,JPM,0.0792927211857035,0.3193722576491902,0.6013350211651064,0.5220422999794029,0.6013350211651064,positive,2023-03-02
2023-02-20,Apple: EUR 152.4 mn of this was net interest income .,AAPL,0.19683010060467104,0.4178780980793227,0.3852918013160062,0.18846170071133517,0.4178780980793227,neutral,2023-02-20
2023-09-14,Tesla: Operating profit excluding restructuring costs grew to EUR 44.5 million from EUR 31.7 million while operating profit including restructuring costs showed even larger growth to EUR 38.5 million from EUR 7.4 million .,TSLA,0.23421447461558206,0.05878749071183489,0.7069980346725832,0.47278356005700106,0.7069980346725832,positive,2023-09-14
2023-05-29,"Google: 1 p.m. Central office of Nordea Bank 19 3-ya ulitsa Yamskogo Polya , Building 1 Telephone : 495 777-34-77 ext. 3932 , 3931 03.02.2011 Unimilk - EGM 03-04 .02.2011 XVI international business-summit Food Business Russia 2011 will take place .",GOOGL,0.06612978367152139,0.6480933883680844,0.28577682796039416,0.21964704428887277,0.6480933883680844,neutral,2023-05-29
2024-02-09,"Jpmorgan: Fiskars Brands report net sales of EUR 145.8 mn , up from EUR 138.4 mn .",JPM,0.028412565407753623,0.04747716978847986,0.9241102648037665,0.8956976993960128,0.9241102648037665,positive,2024-02-09
2023-01-13,"Goldman Sachs: ( ADP News ) - Feb 9 , 2009 - Finnish computer services company Proha Oyj ( HEL : ART1V ) said today its net loss narrowed to EUR 113,000 ( USD 146,000 ) for 2008 from EUR 1.2 million for 2007 .",GS,0.49796081162163364,0.07323109655732851,0.42880809182103774,-0.0691527198005959,0.49796081162163364,negative,2023-01-13
2023-08-09,"Nvidia: Due to market conditions , the company will also temporarily lay off about 3,200 people at different sites .",NVDA,0.7948737857136731,0.14425702793451423,0.060869186351812606,-0.7340045993618605,0.7948737857136731,negative,2023-08-09
2023-11-28,Apple: Construction is expected to be completed in the summer of 2011 .,AAPL,0.0968277665684389,0.6829453543425615,0.22022687908899952,0.12339911252056061,0.6829453543425615,neutral,2023-11-28
2024-12-04,Microsoft: Net sales decreased to EUR 220.5 mn from EUR 470.0 mn in the corresponding period in 2009 .,MSFT,0.8689384287093995,0.00855971237206133,0.12250185891853915,-0.7464365697908604,0.8689384287093995,negative,2024-12-04
2024-04-09,"Tesla: The highest growth would be in China , while weakening demand would continue in North America , UPM said .",TSLA,0.2919205891344147,0.26945532327112975,0.4386240875944555,0.14670349846004077,0.4386240875944555,positive,2024-04-09
2024-10-04,"Netflix: The share capital of Basware Corporation is 11,720,829 .",NFLX,0.06623881756079335,0.833527969626086,0.10023321281312071,0.033994395252327364,0.833527969626086,neutral,2024-10-04
2023-09-08,Jpmorgan: It includes options for additional 30 communal building sites as well as construction supervision works for all construction sites .,JPM,0.029161891337091742,0.8547113021869608,0.11612680647594763,0.08696491513885589,0.8547113021869608,neutral,2023-09-08
2023-11-24,"Tesla: In addition , Lehdentekijat Oy will start producing a new membership magazine , Viisas Raha ( Wise Money ) for the Association .",TSLA,0.1095907820692711,0.6133902882579083,0.2770189296728207,0.16742814760354963,0.6133902882579083,neutral,2023-11-24
2023-11-03,"Netflix: Finnish property investor Sponda said it has agreed a 100 mln eur , five-year mln credit facility with Swedbank and a 50 mln eur , seven-year facility with OKO Bank .",NFLX,0.22537751378476173,0.1857786071375443,0.588843879077694,0.36346636529293225,0.588843879077694,positive,2023-11-03
2024-10-10,Amazon: The business section also includes Ahlstrom 's sustainability report .,AMZN,0.03672129547642064,0.878424410726266,0.08485429379731343,0.048132998320892795,0.878424410726266,neutral,2024-10-10
2024-12-02,Google: The intent of the article was to focus attention on the fact that the development model that China had followed was very different than the model that India had followed .,GOOGL,0.2906766835036213,0.5020323916503558,0.20729092484602285,-0.08338575865759845,0.5020323916503558,neutral,2024-12-02
2024-12-04,"Amazon: The contract covers installation , training and start-up services .",AMZN,0.0456361497584586,0.6681175759701548,0.2862462742713867,0.24061012451292813,0.6681175759701548,neutral,2024-12-04
2024-07-03,"Apple: The interim report for the first quarter is published on May 8 , 2009 .",AAPL,0.35168639857624123,0.4911774335570005,0.15713616786675838,-0.19455023070948285,0.4911774335570005,neutral,2024-07-03
2024-01-03,Netflix: The company is presently examining whether the project would be financially feasible .,NFLX,0.10823235664454214,0.7837113136655308,0.1080563296899269,-0.00017602695461524376,0.7837113136655308,neutral,2024-01-03
2024-01-31,"Nvidia: `` We will continue to make it easier for users to explore services on their handsets and will work towards bringing Internet to a wider range of devices including mid and low-end devices , '' said Kallasvuo .",NVDA,0.09985890506050948,0.6131742666018385,0.2869668283376521,0.1871079232771426,0.6131742666018385,neutral,2024-01-31
2024-12-17,Apple: RusHydro has an agreement to transfer its stakes in OESK and the five ERCs into the trust management of Inter RAO .,AAPL,0.10056372330090042,0.310390462572489,0.5890458141266106,0.4884820908257102,0.5890458141266106,positive,2024-12-17
2023-07-27,Microsoft: `` Directors and shareholders alike should ask why these practices were allowed to continue . '',MSFT,0.08411861354189439,0.679229864832322,0.23665152162578373,0.15253290808388936,0.679229864832322,neutral,2023-07-27
2023-09-11,"Microsoft: Commission income decreased to EUR 3.8 mn , compared to EUR 4.6 mn in the third quarter of 2007 .",MSFT,0.9205113391316344,0.013096671331489501,0.0663919895368761,-0.8541193495947583,0.9205113391316344,negative,2023-09-11
2024-10-17,Apple: The company has a wide selection of metal products and services .,AAPL,0.12228902599376139,0.4597786873031753,0.4179322867030634,0.295643260709302,0.4597786873031753,neutral,2024-10-17
2023-10-10,"Nvidia: - So , the sales growth of cars considerably influence on the tires market '' .",NVDA,0.16451811284003012,0.3070814349596661,0.5284004522003038,0.3638823393602737,0.5284004522003038,positive,2023-10-10
2023-06-21,Meta Platforms: Tekla Group 's net sales for 2005 were approximately 38 million euros .,META,0.09062134748911232,0.6381224255798846,0.27125622693100293,0.1806348794418906,0.6381224255798846,neutral,2023-06-21
2024-02-14,"Netflix: This new deal has strengthened the partnership from Telemig Celular and Tecnomen , which it has started since the beginning of Telemig 's prepaid operations .",NFLX,0.11175305418790425,0.375995079347353,0.5122518664647427,0.4004988122768385,0.5122518664647427,positive,2024-02-14
2023-08-25,Apple: The new plant is planned to have an electricity generation capacity of up to 350 megawatts ( MW ) and the same heat generation capacity .,AAPL,0.06703300942277114,0.5378519710902756,0.3951150194869532,0.3280820100641821,0.5378519710902756,neutral,2023-08-25
2024-10-14,"Microsoft: ` We respect their decision ... the discussions are now closed , ' said Kai Telanne , Alma Media 's CEO .",MSFT,0.11659846787385651,0.5840602984392547,0.2993412336868888,0.18274276581303228,0.5840602984392547,neutral,2024-10-14
2024-10-25,Google: The impact on TietoEnator 's net sales for 2008 from the purchase is expected to be some 11 mln euro $ 15.9 mln .,GOOGL,0.31388872771479837,0.3886752744504414,0.2974359978347603,-0.01645272988003804,0.3886752744504414,neutral,2024-10-25
2023-08-11,"Netflix: The share capital of Alma Media Corporation (business ID 1944757-4)is EUR 45,031,513.80 and it is divided into 75,052,523 shares .",NFLX,0.03675013665495654,0.896764346291397,0.06648551705364648,0.02973538039868994,0.896764346291397,neutral,2023-08-11
2024-01-23,"Meta Platforms: Cencorp estimates that its net sales in the last quarter will be as earlier stated , EUR4 .3 m to EUR5 .0 m , and operating profit (EBIT)is estimated to be positive .",META,0.26660108373689356,0.21839711476673213,0.5150018014963743,0.24840071775948075,0.5150018014963743,positive,2024-01-23
2024-12-19,"Jpmorgan: The remaining amount will be funded through debt , the Danish bank said .",JPM,0.08104531436740275,0.7590329916528151,0.1599216939797822,0.07887637961237945,0.7590329916528151,neutral,2024-12-19
2024-06-26,"Google: Following the impact , the Altima hit a utility pole , causing a live electric line to fall onto the roadway .",GOOGL,0.2768720021409273,0.5055491207531978,0.21757887710587498,-0.059293125035052296,0.5055491207531978,neutral,2024-06-26
2023-06-07,Amazon: `` Our customer has been satisfied with Basware Invoice Automation solution and extends the implementation to new geographies .,AMZN,0.11401544592529447,0.3149435993560054,0.5710409547187002,0.45702550879340575,0.5710409547187002,positive,2023-06-07
2024-03-07,Apple: `` Demand for sports equipment was good in 2005 .,AAPL,0.1876272012087337,0.19944896555533984,0.6129238332359265,0.4252966320271928,0.6129238332359265,positive,2024-03-07
2024-03-28,"Goldman Sachs: Operating profit totalled EUR 1.22 mn , down from EUR 3.56 mn in the first quarter of 2008 .",GS,0.8853234631208516,0.027384664145499664,0.08729187273364876,-0.7980315903872028,0.8853234631208516,negative,2024-03-28
2024-04-23,"Goldman Sachs: I am looking forward to contribute to SRV 's success with my competence '' , says Taneli Hassinen .",GS,0.12080090841422587,0.3146089635976658,0.5645901279881083,0.4437892195738824,0.5645901279881083,positive,2024-04-23
2023-01-19,Nvidia: Mformation provides enhanced management of these applications by enabling configuration and control throughout their lifecycle .,NVDA,0.12002573093163572,0.6832529096732264,0.19672135939513793,0.07669562846350221,0.6832529096732264,neutral,2023-01-19
2023-08-08,Jpmorgan: Passenger volumes rose by 8.4 % in the accounting period .,JPM,0.17799492736431807,0.12069907347553828,0.7013059991601437,0.5233110717958256,0.7013059991601437,positive,2023-08-08
2024-09-17,Nvidia: The SeaWind that was en route from the Finnish port of Turku to Stockholm got stuck in ice already around 4 p.m. on Wednesday and the Regal Star 's journey from the Swedish port of Kapellskar to Paldiski in northwestern Estonia was cut short at 2 a.m. on Thursday .,NVDA,0.5311739692589009,0.2914163661157753,0.17740966462532384,-0.3537643046335771,0.5311739692589009,negative,2024-09-17
2023-06-26,"Jpmorgan: Earnings per share ( EPS ) in the first half of 2007 amounted to EUR0 .29 , down from EUR0 .40 year ago .",JPM,0.9172468151965092,0.020226442154328263,0.06252674264916247,-0.8547200725473467,0.9172468151965092,negative,2023-06-26
2023-08-08,"Goldman Sachs: A maximum of 20 employees , who work in Karttakeskus and are responsible for producing Geographic Information Services , will be affected , the company added .",GS,0.2157177373543201,0.6653876984517706,0.11889456419390942,-0.09682317316041067,0.6653876984517706,neutral,2023-08-08
2023-08-24,"Apple: The end-to-end delivery combines the competencies and services from TietoEnators Telecom & Media , Processing & Network and Digital Innovations Business Areas .",AAPL,0.06741630004818827,0.6727177597248157,0.25986594022699605,0.19244964017880778,0.6727177597248157,neutral,2023-08-24
2023-05-10,"Amazon: Both operating profit and net sales for the nine-month period increased , respectively by 26.6 % and 3.4 % , as compared to the corresponding period in 2006 .",AMZN,0.10610447089802928,0.04387203302716245,0.8500234960748082,0.7439190251767789,0.8500234960748082,positive,2023-05-10
2023-04-25,"Apple: Ragutis , controlled by the Finnish brewery Olvi , achieved a 5.7 percent rise in beer sales to 22.6 million liters and held a 10.75 percent market share .",AAPL,0.179565034101027,0.3125202968604608,0.5079146690385122,0.32834963493748526,0.5079146690385122,positive,2023-04-25
2023-09-12,Google: Export declined by 6 percent to 16.4 million liters .,GOOGL,0.20760545365036842,0.24611930073322538,0.5462752456164063,0.33866979196603786,0.5462752456164063,positive,2023-09-12
2024-10-01,Netflix: The plans will result in the introduction of new and highly specialized manufacturing methods and also entail changes to personnel at the facility .,NFLX,0.3310280783069884,0.3876243494780252,0.28134757221498646,-0.04968050609200192,0.3876243494780252,neutral,2024-10-01
2023-01-02,"Nvidia: Outotec 's delivery covers the engineering , supply and construction of a circulating fluid bed calcination plant with a capacity of 1,600 tons of alumina per day .",NVDA,0.08071376972239998,0.6518258031611308,0.26746042711646933,0.18674665739406937,0.6518258031611308,neutral,2023-01-02
2023-07-26,Tesla: The net sales of the whole fiscal year 2008 will be lower than in 2007 and operating profit is estimated to be negative .,TSLA,0.6842686802965954,0.19984743574911756,0.11588388395428706,-0.5683847963423083,0.6842686802965954,negative,2023-07-26
2023-02-14,Netflix: The dividends payable annually shall be deducted from the share subscription price .,NFLX,0.1505860393573495,0.6429129628855033,0.2065009977571472,0.05591495839979771,0.6429129628855033,neutral,2023-02-14
2024-02-15,"Tesla: Sales came in at 241 mln eur , compared with 211.4 mln , and also beating consensus forecasts of 235 mln eur .",TSLA,0.17313574723609915,0.16987331924393959,0.6569909335199613,0.48385518628386215,0.6569909335199613,positive,2024-02-15
2023-07-03,"Apple: The contract includes design , construction , delivery of equipment , installation and commissioning .",AAPL,0.05813889603142423,0.7576551230743019,0.18420598089427373,0.1260670848628495,0.7576551230743019,neutral,2023-07-03
2024-08-01,"Amazon: Kaleva Kustannus Oy ( business ID 0187274-0 ) has , according to its notice , on 10 August 2009 acquired 4,458,000 Alma Media shares .",AMZN,0.11730859753102317,0.7348667599044446,0.14782464256453223,0.030516045033509062,0.7348667599044446,neutral,2024-08-01
2024-03-04,Google: Pohjola could increase its stake to 45 % in 2013 .,GOOGL,0.08691616780163029,0.38060153892448373,0.532482293273886,0.44556612547225566,0.532482293273886,positive,2024-03-04
2024-07-26,Meta Platforms: Nokian Tyres ' tyres are considered genuine winter tyres in Russia .,META,0.1594174150248014,0.46160541284953494,0.37897717212566384,0.21955975710086245,0.46160541284953494,neutral,2024-07-26
2024-04-09,Tesla: Finnish investment company Neomarkka is the main owner of Kuitu Finland 's successor .,TSLA,0.07620850691383527,0.7455753222997542,0.17821617078641055,0.10200766387257529,0.7455753222997542,neutral,2024-04-09
2023-11-16,"Netflix: Finnish power supply solutions and systems provider Efore Oyj said its net loss widened to 3.2 mln euro $ 4.2 mln for the first quarter of fiscal 2006-2007 ending October 31 , 2007 from 900,000 euro $ 1.2 mln for the same period of fiscal 2005-06 .",NFLX,0.3848625108187466,0.1659021195102444,0.449235369671009,0.0643728588522624,0.449235369671009,positive,2023-11-16
2024-09-20,Google: The deal will have no significant effect on the acquiring company 's equity ratio .,GOOGL,0.05130426545410019,0.7928599481234908,0.15583578642240903,0.10453152096830884,0.7928599481234908,neutral,2024-09-20
2023-12-14,"Microsoft: Combining the two producers will create a strong EU-based fertilizer industry capable of meeting global competition , they added .",MSFT,0.16640157407825623,0.4969459501588599,0.336652475762884,0.17025090168462775,0.4969459501588599,neutral,2023-12-14
2024-11-25,Netflix: Metso Foundries Jyvaskyla Oy will discontinue production on this line by 30 September 2008 .,NFLX,0.26003758248787984,0.42725410264851094,0.3127083148636092,0.05267073237572939,0.42725410264851094,neutral,2024-11-25
2024-12-27,"Netflix: The podcast , sees Harple provide the low-down on GyPSii 's platform , which takes someone 's location and demographic information to produce a contextual index of the world around them .",NFLX,0.325959454810325,0.38997009283735434,0.28407045235232065,-0.041889002458004365,0.38997009283735434,neutral,2024-12-27
2024-03-06,"Amazon: The maximum amount of the capital loan will be EUR30m and the minimum subscription -- EUR10 ,000 .",AMZN,0.07240569890351552,0.8856337002913683,0.04196060080511612,-0.030445098098399397,0.8856337002913683,neutral,2024-03-06
2024-05-08,Nvidia: The fair value of CapMan Plc 's own investments on 30 September 2008 amounted to MEUR 59.8 .,NVDA,0.1719426774930108,0.619714764387664,0.2083425581193252,0.03639988062631441,0.619714764387664,neutral,2024-05-08
2023-07-06,"Google: The company has also supplied more than 200 MW of power generating equipment for a number of projects in Papua New Guinea , including 12 engines of the Wartsila 32 type to Lihir Gold .",GOOGL,0.12311394802612834,0.45836438630513393,0.41852166566873783,0.2954077176426095,0.45836438630513393,neutral,2023-07-06
2024-08-19,Google: Finnish Bank of +_land reports its operating profit rose to EUR 21.3 mn in the second quarter of 2009 from EUR 6.1 mn in the corresponding period in 2008 .,GOOGL,0.3884423810811054,0.012772105644827482,0.598785513274067,0.21034313219296163,0.598785513274067,positive,2024-08-19
2024-05-06,"Apple: Before FKI , John Jiang has worked in several general manager or senior business consultant positions for international companies in China .",AAPL,0.13753999379625115,0.5456447648050806,0.31681524139866823,0.1792752476024171,0.5456447648050806,neutral,2024-05-06
2024-10-22,"Meta Platforms: It grew in Finland , Norway , Denmark and the Baltic countries .",META,0.2432063653734122,0.38420215513354233,0.3725914794930454,0.1293851141196332,0.38420215513354233,neutral,2024-10-22
2023-07-14,Goldman Sachs: Electricity consumption grows with higher frequencies .,GS,0.15211951648674138,0.45541161622580345,0.39246886728745517,0.2403493508007138,0.45541161622580345,neutral,2023-07-14
2024-07-30,Apple: Net sales of the Vegetable Oil Business rose to EUR 10.6 mn from EUR 10.1 mn .,AAPL,0.13667922694318652,0.10448958738021367,0.7588311856765998,0.6221519587334132,0.7588311856765998,positive,2024-07-30
2023-12-11,"Jpmorgan: In 2008 , Kemira recorded revenue of approximately EUR 2.8 billion and had a staff of 9,400 .",JPM,0.28949535565028744,0.5782332978150461,0.1322713465346665,-0.15722400911562096,0.5782332978150461,neutral,2023-12-11
2023-05-16,"Apple: A total of 1,800,000 stock options were issued in the 2003 stock option scheme .",AAPL,0.18452183722711324,0.6712007826146573,0.14427738015822944,-0.0402444570688838,0.6712007826146573,neutral,2023-05-16
2023-05-05,"Jpmorgan: The divestment is in line with the company 's plans to focus on selected growth segments and streamline corporate structure , the company explained .",JPM,0.06262891867549472,0.38296766606605026,0.554403415258455,0.49177449658296035,0.554403415258455,positive,2023-05-05
2024-02-15,Amazon: Public services will also be available .,AMZN,0.07389885646042488,0.7259050541915553,0.2001960893480198,0.12629723288759492,0.7259050541915553,neutral,2024-02-15
2023-08-22,"Nvidia: The move will be carried out by transferring HKScan 's production-related property , plant , equipment , as well as its holdings in subsidiaries and associate companies in the country to HKScan Finland .",NVDA,0.12349984796029675,0.6719264827192545,0.20457366932044868,0.08107382136015193,0.6719264827192545,neutral,2023-08-22
2023-03-16,"Netflix: The study is expected to provide proof of pharmacodynamic activity in humans , corroborate the safety profile and establish dose ranges for further therapeutic studies .",NFLX,0.077982080980506,0.6474825941914543,0.27453532482803966,0.19655324384753364,0.6474825941914543,neutral,2023-03-16
2023-11-08,Apple: Neomarkka has played a leading role in a group that aims to restart the production of specialty cellulose fiber in Valkeakoski .,AAPL,0.22053264144272725,0.3306667847876135,0.4488005737696593,0.22826793232693207,0.4488005737696593,positive,2023-11-08
2024-04-22,Google: Nokia was up 0.12 pct to 16.70 eur after kicking off the morning in negative territory .,GOOGL,0.4143430987741935,0.18276897282876534,0.40288792839704124,-0.011455170377152268,0.4143430987741935,negative,2024-04-22
2023-08-22,"Apple: Return on investment was 5.0 % , compared to a negative 4.1 % in 2009 .",AAPL,0.4594250123688615,0.16167589841337277,0.37889908921776566,-0.08052592315109586,0.4594250123688615,negative,2023-08-22
2024-11-28,Netflix: Finnish Ahlstrom Corporation has ordered key production equipment for a new glass nonwovens production line at its Russian Tver Mill from Finnish Vaahto Pulp & Paper Machinery ( that is part of Vaahto Group ) .,NFLX,0.15321559084194022,0.46917966093225255,0.37760474822580714,0.22438915738386692,0.46917966093225255,neutral,2024-11-28
2024-07-23,Jpmorgan: Airbus has 100 firm orders for the A350 and 89 nonbinding commitments .,JPM,0.1453754767113898,0.4072277391812937,0.4473967841073165,0.3020213073959267,0.4473967841073165,positive,2024-07-23
2024-01-10,Goldman Sachs: The properties were purchased from Swedish private equity real estate firm Niam and Goldman Sachs ' Whitehall Street Real Estate Funds .,GS,0.12137582372999507,0.6888079333149737,0.18981624295503127,0.0684404192250362,0.6888079333149737,neutral,2024-01-10
2024-11-13,"Amazon: Our solutions are industry-independent supporting multilingual and currency needs , modular and applicable to companies of all sizes , '' CEO Ilkka Sihvo said .",AMZN,0.09418047686625061,0.47862687211993415,0.4271926510138152,0.33301217414756457,0.47862687211993415,neutral,2024-11-13
2023-11-14,Amazon: Elcoteq has a proven track record in electronics manufacturing services ( EMS ) and a global factory network coupled with modern manufacturing equipment and consistent systems and processes .,AMZN,0.11383821472174464,0.40912595906483157,0.47703582621342383,0.3631976114916792,0.47703582621342383,positive,2023-11-14
2023-04-12,"Meta Platforms: The new company will likely hold an IPO on the NYSE or another international stock exchange , according to Altimo which manages the Alfa Group 's telecommunications assets and TeliaSonera 's agreement , which has been published on the website of the U.S. Securities and Exchange Commission .",META,0.08176238955099742,0.5780250568341939,0.34021255361480857,0.25845016406381116,0.5780250568341939,neutral,2023-04-12
2023-01-26,"Jpmorgan: ` For Nordea , moving into the new headquarters signifies the beginning of a new era .",JPM,0.04303975292076975,0.6593615538466318,0.2975986932325985,0.2545589403118288,0.6593615538466318,neutral,2023-01-26
2024-11-15,Goldman Sachs: Finnish Rautaruukki has been awarded a contract to supply and install steel superstructures for the Partihallsf+¦rbindelsen bridge in Gothenburg in Sweden .,GS,0.13035763711818849,0.10510831339861926,0.7645340494831923,0.6341764123650038,0.7645340494831923,positive,2024-11-15
2024-12-03,Nvidia: Shares of Nokia Corp. rose Thursday after the cell phone maker said its third-quarter earnings almost doubled and its share of the global handset market increased .,NVDA,0.11309073863070292,0.2737798076028278,0.6131294537664693,0.5000387151357664,0.6131294537664693,positive,2024-12-03
2024-06-24,Meta Platforms: Incap Contract Manufacturing is a subsidiary of Incap Corporation of Finland .,META,0.09214636738771616,0.635938597678888,0.2719150349333958,0.17976866754567966,0.635938597678888,neutral,2024-06-24
2023-03-16,"Apple: Typical end-uses include roof structures , floorings , walls and ceilings , non-visible structures in vehicles , packaging and boxes , construction site structures , fencing and shelters , and formwork with a limited number of concrete pourings .",AAPL,0.09608181890413779,0.7218323640721526,0.1820858170237097,0.08600399811957192,0.7218323640721526,neutral,2023-03-16
2023-08-03,Microsoft: The exercise price of the option will be based on Safran Software Solutions ' license and maintenance sales as well as the result of the company .,MSFT,0.09194273892014913,0.6689216759501041,0.23913558512974675,0.1471928462095976,0.6689216759501041,neutral,2023-08-03
2023-01-31,"Goldman Sachs: The Tekla Structures 16 installation has been built according to Microsoft 's requirements for the Windows 7 certification , the Company added .",MSFT,0.17291351774639077,0.435567259849987,0.3915192224036222,0.21860570465723142,0.435567259849987,neutral,2023-01-31
2023-01-31,"Goldman Sachs: The Tekla Structures 16 installation has been built according to Microsoft 's requirements for the Windows 7 certification , the Company added .",GS,0.17291351774639077,0.435567259849987,0.3915192224036222,0.21860570465723142,0.435567259849987,neutral,2023-01-31
2023-02-07,"Microsoft: At the end of the review period , Nordic Aluminium 's order book stood at EUR 8.77 mn compared to EUR 7.04 in 2005 .",MSFT,0.33768806681659735,0.15874386937292795,0.5035680638104747,0.16587999699387734,0.5035680638104747,positive,2023-02-07
2023-06-29,"Jpmorgan: Jobs will not be transferred from Finland , however .",JPM,0.2626191155377102,0.639805586981408,0.09757529748088171,-0.1650438180568285,0.639805586981408,neutral,2023-06-29
2024-02-22,Amazon: The Oxyview Pulse Oximeter is a common device to check patient blood-oxygen saturation level and pulse rate .,AMZN,0.10371090256301435,0.6789699724383448,0.21731912499864078,0.11360822243562643,0.6789699724383448,neutral,2024-02-22
2023-02-17,"Microsoft: The order comprises four ball mills , which will be organized in two different streams for treating ore in the Pilanesberg platinum mine .",MSFT,0.09643004229067319,0.6713581942322404,0.2322117634770865,0.1357817211864133,0.6713581942322404,neutral,2023-02-17
2024-12-19,Tesla: The unit is planned to be operational during the second half of 2007 and in full stream in 2008 .,TSLA,0.24829987898870412,0.5733666520024342,0.17833346900886168,-0.06996640997984244,0.5733666520024342,neutral,2024-12-19
2023-11-29,"Google: Currently it operates a fleet of eight carriers , as well as nine pushers and barges .",GOOGL,0.05865031849705422,0.796910779879446,0.14443890162349968,0.08578858312644547,0.796910779879446,neutral,2023-11-29
2023-07-12,"Jpmorgan: The report goes on to provide detailed profiles of ten leading European specialty chemicals companies , and brief profiles of other major players .",JPM,0.08522583333908441,0.5680807798728308,0.3466933867880847,0.2614675534490003,0.5680807798728308,neutral,2023-07-12
2024-01-12,"Meta Platforms: Brazilian non-profit interbank Camara Interbancaria de Pagamentos CIP has acquired solutions from US business integration solutions provider Sterling Commerce , the latter company said in a statement .",META,0.15606142225055236,0.3724592903591293,0.47147928739031836,0.315417865139766,0.47147928739031836,positive,2024-01-12
2024-07-31,Netflix: The potential acquirer is Cencorp Corporation which is a related entity to SAV owing to each of SAV and Cencorp being a subsidiary of the Finnish Savcor Group Oy .,NFLX,0.07765135412537336,0.7254741678698546,0.19687447800477204,0.11922312387939868,0.7254741678698546,neutral,2024-07-31
2023-08-17,Goldman Sachs: One of the challenges in the oil production in the North Sea is scale formation that can plug pipelines and halt production .,GS,0.21832685555884354,0.5223302478090993,0.2593428966320571,0.04101604107321358,0.5223302478090993,neutral,2023-08-17
2023-02-03,Jpmorgan: HELSINKI ( AFX ) - Outokumpu said it has agreed to sell the Hitura nickel mine in Finland to Canadian group Belvedere Resources Ltd for 10 mln eur worth of Belvedere shares .,JPM,0.23883079004110952,0.33856184893961294,0.42260736101927754,0.18377657097816802,0.42260736101927754,positive,2023-02-03
2023-02-07,"Meta Platforms: LEED is an internationally recognized green building certification system , developed by the U.S. Green Building Council .",META,0.07289500725910687,0.7549056289988207,0.17219936374207256,0.09930435648296569,0.7549056289988207,neutral,2023-02-07
2024-09-13,Microsoft: Finnish home decoration and arts and crafts retailer Tiimari Plc ( OMX Helsinki : TII1V ) reported on Monday ( 18 August ) an operating loss of EUR3 .3 m on net sales of EUR33 .9 m for the period January-June 2008 .,MSFT,0.2700390978658894,0.5282116432442115,0.20174925888989903,-0.06828983897599039,0.5282116432442115,neutral,2024-09-13
2023-03-23,"Amazon: According to the original merger plan , Scanfil would get a 79 % stake in the combined business .",AMZN,0.10820732179739073,0.7497290238259514,0.14206365437665783,0.033856332579267095,0.7497290238259514,neutral,2023-03-23
2024-04-09,"Apple: Ahlstrom , headquartered in Helsinki , Finland , is a global company involved in the development , manufacture and marketing of high performance fibre-based materials .",AAPL,0.0806613816426777,0.8507191364303288,0.06861948192699352,-0.012041899715684187,0.8507191364303288,neutral,2024-04-09
2023-10-09,Tesla: Its total annual revenue comes up to about 160 mln zloty ( $ 56.9 mln-42 .3 mln euro ) .,TSLA,0.2109275972021445,0.3129810377864583,0.47609136501139737,0.2651637678092529,0.47609136501139737,positive,2023-10-09
2024-07-22,"Netflix: Following the transaction , Tulikivi restructured its operations into the Soapstone Fireplaces Business , Natural Stone Product Business and Ceramic Products Business units .",NFLX,0.044774898087267104,0.7001320064086546,0.25509309550407844,0.21031819741681135,0.7001320064086546,neutral,2024-07-22
2023-02-14,Amazon: Other carriers and handset makers spin it as a positive event that will raise interest for higher-end phones and pricier data plans .,AMZN,0.06786533448603327,0.6302752011184765,0.30185946439549033,0.23399412990945706,0.6302752011184765,neutral,2023-02-14
2024-10-17,Apple: The investments and operational changes enable additional optimisation of the working hours and thereby further cost savings of some 7 % -9 % .,AAPL,0.10210109017704365,0.3449106650049034,0.552988244818053,0.4508871546410093,0.552988244818053,positive,2024-10-17
2024-05-24,Meta Platforms: `` We are pleased to deliver the Basware Invoice Automation solution to a major retail company in the US .,META,0.09402455533709946,0.2147779967627606,0.6911974479001399,0.5971728925630405,0.6911974479001399,positive,2024-05-24
2023-11-24,Netflix: Small investors have voiced fears that the shares will end up with risk investors .,NFLX,0.1423151722374792,0.5306447423663926,0.3270400853961282,0.18472491315864903,0.5306447423663926,neutral,2023-11-24
2023-06-01,"Goldman Sachs: Ruukki has signed a contract to deliver and install the steel structures for a bridge over the Kyronsalmi strait in Savonlinna , Finland .",GS,0.10583339979996272,0.20669432554477893,0.6874722746552583,0.5816388748552955,0.6874722746552583,positive,2023-06-01
2024-12-16,"Microsoft: Both operating profit and net sales for the 12-month period increased , respectively from EUR10 .5 m and EUR28 .8 m , as compared to the financial year 2004 .",MSFT,0.14757529104170164,0.045187555517149106,0.8072371534411492,0.6596618623994476,0.8072371534411492,positive,2024-12-16
2023-08-09,"Amazon: rosendal at outotec.com Eila Paatela , Vice President - Corporate Communications tel. +358 20 529 2004 , +358 400 817198 e-mail eila .",AMZN,0.11170219194461006,0.7076538126324033,0.1806439954229865,0.06894180347837645,0.7076538126324033,neutral,2023-08-09
2023-12-26,"Google: In accordance with the terms and conditions of Alma Media 's 2006 option program , the share subscription price for the 2006A option rights was EUR 4.88 per share and the book countervalue EUR 0.60 per share .",GOOGL,0.1098423450614484,0.7380870444670464,0.15207061047150516,0.04222826541005677,0.7380870444670464,neutral,2023-12-26
2023-10-16,Microsoft: Earnings per share ( EPS ) in 2005 decreased to EUR1 .87 from EUR1 .89 in 2003 .,MSFT,0.7389833543485244,0.1346411624067728,0.1263754832447028,-0.6126078711038215,0.7389833543485244,negative,2023-10-16
2023-06-19,Microsoft: The number of customers is one of the most important parameters in determining the price of electricity networks .,MSFT,0.11932335624985778,0.6837368530842866,0.1969397906658555,0.07761643441599773,0.6837368530842866,neutral,2023-06-19
2023-11-01,Microsoft: The company will make its marketing and sales investments initiated in 2009 even more efficient in 2010 .,MSFT,0.1287207936676038,0.21657486551708427,0.6547043408153119,0.5259835471477081,0.6547043408153119,positive,2023-11-01
2023-04-21,"Netflix: Intellisync Wireless Email from Nokia is a full-featured wireless e-mail solution that connects users to their e-mail , calendar , contacts , notes and task lists while away from the office , according to the company .",NFLX,0.1677262060940612,0.6206433671438507,0.21163042676208813,0.04390422066802693,0.6206433671438507,neutral,2023-04-21
2023-01-02,"Jpmorgan: Tectia Corporation HEL : TEC1V , a provider of real-time security solutions , today announced that it has appointed LAN2LAN , a provider of IT services in the UK , to distribute its data security and manage file transfer software .",JPM,0.10461152323017424,0.4073874079134713,0.48800106885635447,0.3833895456261802,0.48800106885635447,positive,2023-01-02
2023-08-01,"Goldman Sachs: The agreement will provide The Switch with double the converter capacity , whilst opening up further manufacturing locations in China .",GS,0.05095144973405318,0.2219197654909922,0.7271287847749547,0.6761773350409015,0.7271287847749547,positive,2023-08-01
2023-03-23,"Goldman Sachs: Following the increase , Huhtamaki Oyj 's registered share capital is EUR 358,706,290.00 and the number of shares outstanding is 105,501,850 .",GS,0.09273317419740622,0.7515902552966881,0.15567657050590572,0.0629433963084995,0.7515902552966881,neutral,2023-03-23
2023-10-31,"Netflix: The number of permanent reductions of clerical workers is 22 employees , of which 19 in Finland .",NFLX,0.6036739257786758,0.30888347660038595,0.08744259762093824,-0.5162313281577376,0.6036739257786758,negative,2023-10-31
2024-09-23,"Apple: Baltic Pearl CJSC , a subsidiary of Shanghai Foreign Joint Investment Company , is developing a project in St Petersburg , comprising about a million square meters of residential space , two hospitals and several schools and nurseries .",AAPL,0.09202011466064111,0.6435607370777129,0.264419148261646,0.17239903360100486,0.6435607370777129,neutral,2024-09-23
2023-04-28,"Goldman Sachs: Barclays Plc ( LSE : BARC ) ( NYSE : BCS ) , Credit Agricole SA ( EPA : ACA ) ( CAGR .",GS,0.11250103062033702,0.6290630835992337,0.25843588578042936,0.14593485516009236,0.6290630835992337,neutral,2023-04-28
2023-01-02,"Nvidia: It also has strong assets in electronic media , employing 18,500 an increase of 9 percent on last year .",NVDA,0.04934975579403806,0.08102890267392067,0.8696213415320413,0.8202715857380032,0.8696213415320413,positive,2023-01-02
2023-03-22,Amazon: Most of the dividend will go to the Grimaldi family .,AMZN,0.17605857539832007,0.6715620163349417,0.15237940826673824,-0.02367916713158183,0.6715620163349417,neutral,2023-03-22
2024-01-08,"Google: The world of glass is coming to Egypt and we invite Visitors from all around the world to attend Glass World Exhibition 2009 , Register Now at www.glassworldex.com",GOOGL,0.08618440266906134,0.4480032233638523,0.46581237396708636,0.379627971298025,0.46581237396708636,positive,2024-01-08
2023-07-20,"Tesla: TeliaSonera 's underlying results however included 457 mln skr in positive one-offs , hence the adjusted underlying EBITDA actually amounts to 7.309 bln skr , clearly below expectations , analysts said .",TSLA,0.29249508951461306,0.3209451668254293,0.3865597436599577,0.09406465414534465,0.3865597436599577,positive,2023-07-20
2023-12-25,"Apple: Loudeye Corp. , up $ 2.56 at $ 4.33 Nokia Corp. , down 10 cents at $ 19.46 Nokia agreed to buy the digital music distributor for $ 60 million .",AAPL,0.2627020020299857,0.4619434468848243,0.27535455108518997,0.012652549055204243,0.4619434468848243,neutral,2023-12-25
2023-01-23,Apple: Nokia has inaugurated its manufacturing plant near Chennai on 11 Mar 2006 .,AAPL,0.19865510897320054,0.4884176773104019,0.3129272137163976,0.11427210474319704,0.4884176773104019,neutral,2023-01-23
2023-08-31,Goldman Sachs: Finnish glass technology company Glaston Oyj Abp net profit decreased to 2.6 mln euro ( $ 3.8 mln ) for the first nine months of 2007 from 7.8 mln euro ( $ 11.4 mln ) for the same period of 2006 .,GS,0.7195009143807801,0.060901219629266055,0.2195978659899539,-0.4999030483908262,0.7195009143807801,negative,2023-08-31
2023-10-27,"Tesla: Vacon aims to establish its presence in the solar energy business in various parts of the world towards the end of 2010 , said Olli Teva , marketing director renewable energy applications .",TSLA,0.08204888187165066,0.3892229589088619,0.5287281592194875,0.4466792773478368,0.5287281592194875,positive,2023-10-27
2023-11-13,Tesla: The value of the contracts is about EUR 3.3 mn .,TSLA,0.10067629111945268,0.7653280977057634,0.13399561117478376,0.03331932005533107,0.7653280977057634,neutral,2023-11-13
2024-02-07,"Netflix: Vanhanen said the strike would be `` extremely damaging '' as some 1,300 participants and reporters begin to arrive in Finland for the one-day EU summit with Russian President Vladimir Putin in Lahti , about 100 kilometers ( 60 miles ) north of Helsinki .",NFLX,0.442128876524892,0.3284520849502442,0.22941903852486384,-0.21270983800002818,0.442128876524892,negative,2024-02-07
2024-07-24,"Apple: Vaahto Pulp & Paper , of Finnish Vaahto Group , has been awarded an order to renovate Finnish-Swedish forest industry company Stora Enso 's paperboard machine at the Ingerois Board Mill in Finland .",AAPL,0.2993794935621357,0.20296165683906772,0.4976588495987965,0.1982793560366608,0.4976588495987965,positive,2024-07-24
2023-12-07,Netflix: Pharmaceutical market in Czech Republic Global Research & Data Services published recently a market analysis about the pharmaceutical markets in Czech Republic .,NFLX,0.07727266907010034,0.7818284114881913,0.14089891944170838,0.06362625037160803,0.7818284114881913,neutral,2023-12-07
2024-09-06,"Netflix: In addition , the contract includes modification of the effluent treatment plant at Follum .",NFLX,0.09882088158242991,0.7077332121100884,0.19344590630748165,0.09462502472505174,0.7077332121100884,neutral,2024-09-06
2024-01-23,Google: The net sales of Healthcare Trade business in 2009 were EUR 145.1 million EUR 155.2 million and operating profit EUR 8.9 million EUR 7.9 million .,GOOGL,0.13803861136832699,0.5472651942243985,0.3146961944072745,0.1766575830389475,0.5472651942243985,neutral,2024-01-23
2023-07-10,"Apple: In Finland , insurance company Pohjola and the Finnish motorcyclist association have signed an agreement with the aim of improving motorcyclists ' traffic safety .",AAPL,0.1182388856480562,0.09897527193079228,0.7827858424211517,0.6645469567730955,0.7827858424211517,positive,2023-07-10
2023-06-16,"Apple: Aldata Solution , a global company engaged in supplier to consumer business process optimization , has announced the details of its Dollars for Dinosaurs program .",AAPL,0.07451444954842201,0.5277278089698278,0.39775774148175014,0.3232432919333281,0.5277278089698278,neutral,2023-06-16
2023-08-24,"Microsoft: Poyry Energy GmbH is Austria 's leading engineering and consulting company in the energy , infrastructure and environment sector , owned by Poyry Plc. and the Austrian Verbund AG .",MSFT,0.0998035111956115,0.46088583144804374,0.4393106573563449,0.3395071461607334,0.46088583144804374,neutral,2023-08-24
2024-03-12,"Google: Honkarakenne also decided yesterday to sell 88,500 of its B-series shares to key staff members for EUR 2.90 per share .",GOOGL,0.29122019933611953,0.45869575524512757,0.250084045418753,-0.041136153917366525,0.45869575524512757,neutral,2024-03-12
2023-06-27,"Apple: Cargotec Corporation , Press Release , April 28 , 2008 at 2.00 p.m. Finnish time Cargotec 's MacGREGOR business area providing marine cargo handling and offshore load handling solutions has received significant hatch cover orders for bulk carriers .",AAPL,0.08017901001096515,0.2780749407694724,0.6417460492195625,0.5615670392085973,0.6417460492195625,positive,2023-06-27
2024-10-30,"Amazon: `` Method and System for Controlling a Hard Disk Drive Using a Multimediacard Physical Interface '' was invented by Marko Ahvenainen Ruutana , Finland .",AMZN,0.12306782900215707,0.6882952598517303,0.18863691114611256,0.06556908214395549,0.6882952598517303,neutral,2024-10-30
2023-12-18,Apple: Solidium picked up Tikkurila shares as a dividend at a book value of EUR15 .80 per share .,AAPL,0.11892147116395697,0.6067175234749989,0.274361005361044,0.15543953419708706,0.6067175234749989,neutral,2023-12-18
2024-09-23,"Google: Ethanol would be made from barley , and production could start in 2008 .",GOOGL,0.20950210596407762,0.6555789528372482,0.1349189411986741,-0.07458316476540353,0.6555789528372482,neutral,2024-09-23
2024-05-14,Nvidia: We make available the following brand-new market analyses Cement - Pakistan Cement - Malaysia Cement - Taiwan Cement - Philippines These analyses give a clear overview of the actual situation and future outlook of the cement industry in some Asian countries .,NVDA,0.0856394889888919,0.7627583495069541,0.15160216150415395,0.06596267251526206,0.7627583495069541,neutral,2024-05-14
2023-09-01,"Jpmorgan: Finnish Sampo-Rosenlew manufactures approximately seven forest machines monthly , and about half of machines are exported .",JPM,0.32757821959706684,0.48950636328300423,0.18291541711992884,-0.144662802477138,0.48950636328300423,neutral,2023-09-01
2023-06-16,Nvidia: Our purchase to pay solutions enable companies to gain visibility and control over business-critical financial processes .,NVDA,0.0690295284841224,0.46342350524827125,0.4675469662676063,0.39851743778348386,0.4675469662676063,positive,2023-06-16
2024-06-27,"Apple: The second company acquired is Sweden 's Reftele Maskinservice AB , whose business is mainly field services and spare parts manufacturing , with 10 employees and 1.2 mln eur sales a year .",AAPL,0.11646860304415228,0.5071064504134246,0.37642494654242314,0.25995634349827085,0.5071064504134246,neutral,2024-06-27
2023-08-30,Apple: He is a member of the Board of numerous com-panies and a shareholder of the Boardman Ltd board specialist net-work .,AAPL,0.06680102422021893,0.8454104761612652,0.0877884996185159,0.02098747539829697,0.8454104761612652,neutral,2023-08-30
2023-06-29,"Goldman Sachs: Profit for the period totalled EUR 0.8 mn , down from EUR 1.1 mn in the corresponding period in 2008 .",GS,0.9278193927689168,0.00993974694666975,0.06224086028441364,-0.8655785324845031,0.9278193927689168,negative,2023-06-29
2024-11-11,Nvidia: At the same time I am delighted by the fact that we were able to accomplish the organization with our own team members .,NVDA,0.12374178384796478,0.19338082444878502,0.6828773917032501,0.5591356078552854,0.6828773917032501,positive,2024-11-11
2023-12-19,"Amazon: ADPnews - Jun 30 , 2009 - Finnish stainless steel maker Outokumpu Oyj HEL : OUT1V said yesterday it signed a three-year EUR 900 million USD 1.3 bn revolving credit facility .",AMZN,0.22942951707771495,0.1839320097033528,0.5866384732189323,0.3572089561412173,0.5866384732189323,positive,2023-12-19
2023-02-06,Google: The center will be built in the Kapuli district of Mantsala beside the Hanko-Mantsala-Porvoo road near the new direct rail link between Lahti and Jarvenpaa .,GOOGL,0.06267237871860883,0.7552929087097988,0.18203471257159232,0.11936233385298349,0.7552929087097988,neutral,2023-02-06
2023-12-28,"Google: Finnish financial software solutions developer BasWare Oyj said its net profit fell to 884,000 euro ( $ 1.2 mln ) for the first quarter of 2007 from 2.0 mln euro ( $ 2.7 mln ) a year earlier .",GOOGL,0.683520945588938,0.0617715387299788,0.2547075156810833,-0.42881342990785465,0.683520945588938,negative,2023-12-28
2023-12-04,Meta Platforms: The shopping center will have a prime location right next to the Myllypuro metro station .,META,0.09939427686406828,0.651846828568955,0.24875889456697667,0.14936461770290838,0.651846828568955,neutral,2023-12-04
2024-09-23,"Goldman Sachs: PGE Belchatow runs the 4.44 GW Belchatow coal-fired power plant , and Fortum has intentions to start a CCS demonstration project jointly with Teollisuuden Voima Oyj ( TVO ) - another Finnish utility - at the their jointly owned 565MW Meri-Pori coal-fired facility .",GS,0.17245902987542763,0.5912015676884274,0.23633940243614496,0.06388037256071732,0.5912015676884274,neutral,2024-09-23
2024-06-04,"Tesla: Together , Yahoo and Nokia said they will continue to deliver Internet experiences that address the core needs of consumers , developers , operators and advertisers .",TSLA,0.12612079115901909,0.5218020438487168,0.35207716499226416,0.22595637383324507,0.5218020438487168,neutral,2024-06-04
2023-05-19,"Goldman Sachs: In the first half of 2008 , the Bank 's operating profit fell to EUR 11.8 mn from EUR 18.9 mn , while net interest income increased to EUR 20.9 mn from EUR 18.8 mn in the first half of 2007 .",GS,0.8025525001793933,0.028793219968376294,0.16865427985223053,-0.6338982203271628,0.8025525001793933,negative,2023-05-19
2023-04-20,Tesla: The secondary antenna can also be used for reception of the high power signal of the radar to calibrate the transmission channels of the radar . '',TSLA,0.1209115174124579,0.6520166088060875,0.22707187378145455,0.10616035636899665,0.6520166088060875,neutral,2023-04-20
2024-03-18,"Netflix: Apartments of YIT Home may be purchased in 5 regions of Russia , where YIT subsidiaries carry out their activities : Moscow and Moscow region , St. Petersburg , Ekaterinburg , Kazan and Rostov-on-Don .",NFLX,0.1585781037903643,0.5034687620497612,0.33795313415987444,0.17937503036951014,0.5034687620497612,neutral,2024-03-18
2023-02-03,Google: Production capacity will increase from 36 000 to 85 000 tonnes per year and the raw material will continue to be recycled paper and board .,GOOGL,0.13289833551776992,0.3627368344939714,0.5043648299882587,0.3714664944704888,0.5043648299882587,positive,2023-02-03
2023-08-22,Jpmorgan: The proposal that the Board of Directors will make at the Annual General Meeting is attached as a whole to this release .,JPM,0.12580761752950506,0.7499062188152004,0.1242861636552946,-0.00152145387421046,0.7499062188152004,neutral,2023-08-22
2023-04-12,"Goldman Sachs: Chargers manufactured under the new platform are suitable for mobile phones , navigators , digital cameras , Bluetooth head sets , media players and other electronic devices .",GS,0.05029093588078746,0.7999787206920705,0.14973034342714195,0.0994394075463545,0.7999787206920705,neutral,2023-04-12
2023-01-16,"Jpmorgan: The outsourcing agreement , which covers equipment and depots in Turku and Tampere , will run for five years , Cramo said on Thursday .",JPM,0.10453494133053413,0.4727195369371911,0.42274552173227486,0.3182105804017407,0.4727195369371911,neutral,2023-01-16
2024-11-01,Goldman Sachs: Nokia Messaging 1.1 enables customers to receive e-mails from up to 10 e-mail accounts on their mobile phone supporting all POP or IMAP e-mail services .,GS,0.11736691244680988,0.3974111276042525,0.4852219599489375,0.3678550475021276,0.4852219599489375,positive,2024-11-01
2023-03-07,Google: Revenue grew 1 percent to euro742 .2 million US$ 964 million from euro735 million .,GOOGL,0.1369473517253197,0.1264325699695165,0.7366200783051639,0.5996727265798442,0.7366200783051639,positive,2023-03-07
2023-01-06,Nvidia: Patrizia adds the acquisition to a portfolio already worth EUR3bn .,NVDA,0.08411425206986761,0.3483014510348401,0.5675842968952923,0.4834700448254247,0.5675842968952923,positive,2023-01-06
2024-11-12,Amazon: He said : `` It is for sale again and we will be actively marketing it .,AMZN,0.09136866691222996,0.6025361691336943,0.30609516395407566,0.2147264970418457,0.6025361691336943,neutral,2024-11-12
2023-05-18,"Apple: The Finnish business delegation includes representatives from over 20 companies that include Nokia Corp , Finnfund , Outokumpu Oyj , OKO Bank , Alteams Oy and Cargotec Corp. .",AAPL,0.18424204610239003,0.5799125965461394,0.2358453573514706,0.051603311249080575,0.5799125965461394,neutral,2023-05-18
2024-08-20,Goldman Sachs: The company will propose a dividend of EUR0 .12 per share for 2008 .,GS,0.25154217650074356,0.5016847132976047,0.24677311020165166,-0.004769066299091906,0.5016847132976047,neutral,2024-08-20
2023-01-24,Microsoft: 18 January 2010 - Finnish IT consultancy Trainers ' House Oyj HEL : TRH1V said last Friday it resolved to issue a EUR5m hybrid bond to domestic investors in a bid to strengthen its capital structure .,MSFT,0.13965071212893515,0.5348791542184033,0.3254701336526615,0.18581942152372632,0.5348791542184033,neutral,2023-01-24
2023-04-24,Microsoft: The Kyroskoski investment is to be completed in late 2011 and the +_+Ænekoski investment in the spring of 2012 .,MSFT,0.09299133900807291,0.7401964012714576,0.16681225972046956,0.07382092071239665,0.7401964012714576,neutral,2023-04-24
2023-03-22,Microsoft: TomTom has given assurances that it will continue to sell maps to competitors if it wins EU approval .,MSFT,0.19814539265057,0.487415546678237,0.3144390606711928,0.11629366802062283,0.487415546678237,neutral,2023-03-22
2024-05-30,"Meta Platforms: The Dutch broker noted that Nokian Tyres reported a good first quarter in 2006 , above or in line with consensus .",META,0.13421096656785014,0.2360510214103676,0.6297380120217821,0.495527045453932,0.6297380120217821,positive,2024-05-30
2024-03-28,Google: The company expects its net sales in the first half of 2008 to reach the previous year 's level .,GOOGL,0.5222676948393209,0.12064277056407034,0.35708953459660864,-0.16517816024271226,0.5222676948393209,negative,2024-03-28
2023-12-14,Netflix: Swiss franc surged to record 1.42 euros after it reported sharpest gain in manufacturing in March .,NFLX,0.2703767458059621,0.30460427718007255,0.4250189770139653,0.1546422312080032,0.4250189770139653,positive,2023-12-14
2023-06-27,"Amazon: The plant will go on stream in November 2008 and its estimated daily production will be 120,000 litres of bioethanol .",AMZN,0.1783356504943364,0.6621174400529986,0.15954690945266498,-0.018788741041671414,0.6621174400529986,neutral,2023-06-27
2023-03-07,Microsoft: Finnish food industry companies HK Ruokatalo and Atria will form a joint venture company called L+Ænsi-Kalkkuna to produce turkey meat .,MSFT,0.102527970339765,0.5670461358504121,0.33042589380982307,0.22789792347005805,0.5670461358504121,neutral,2023-03-07
2024-02-21,"Nvidia: Finnish retailer Stockmann has won approval from the board of Swedish rival Lindex for a public tender offer with the aim of expanding the companies ' presence in Russia and other CEE countries , Stockmann said Monday .",NVDA,0.111976017063115,0.2979770171977211,0.5900469657391639,0.47807094867604893,0.5900469657391639,positive,2024-02-21
2023-06-19,"Nvidia: Stockholm-based Nordea Bank ( STO : NDA ) said yesterday it had hired Casper von Koskull to lead its corporate merchant banking and capital markets unit , effective 1 September .",NVDA,0.15471149581104848,0.5295378412448662,0.3157506629440853,0.16103916713303684,0.5295378412448662,neutral,2023-06-19
2024-03-07,"Tesla: Finnish financial solutions developer Basware Corporation ( OMX Helsinki BAS1V ) said on Tuesday ( 23 September ) that it will deliver a complete Invoice Automation solution to a large US engineering , construction and technical services organization .",TSLA,0.18604861083235033,0.3739645110472252,0.4399868781204244,0.2539382672880741,0.4399868781204244,positive,2024-03-07
2024-05-16,"Netflix: Operating profit excluding non-recurring items amounted to EUR 40.6 mn , down from EUR 57.3 mn year-on-year .",NFLX,0.9222156773486341,0.011347043526706357,0.06643727912465952,-0.8557783982239746,0.9222156773486341,negative,2024-05-16
2024-09-12,"Google: Tekla 's defense business employs over 20 persons and is located in Espoo , Finland .",GOOGL,0.07231049689191574,0.8144423344878677,0.11324716862021648,0.04093667172830075,0.8144423344878677,neutral,2024-09-12
2023-12-27,Goldman Sachs: According to an  posted by the World Intellectual Property Organization : `` The present invention relates to hydrocarbons and particularly to the manufacture of hydrocarbon components suitable as aviation fuels or jet fuels and as blending stocks for aviation fuels .,GS,0.13463886959879873,0.6043906220850271,0.26097050831617413,0.1263316387173754,0.6043906220850271,neutral,2023-12-27
2023-01-04,Apple: The reduction notice applied to 17 people .,AAPL,0.3976326525415407,0.41026809714189943,0.19209925031655992,-0.20553340222498076,0.41026809714189943,neutral,2023-01-04
2023-07-25,Nvidia: The deal also includes a ten-year maintenance agreement .,NVDA,0.07966299044782282,0.6178856289813831,0.3024513805707941,0.2227883901229713,0.6178856289813831,neutral,2023-07-25
2024-09-16,Goldman Sachs: The Board of Directors was authorized to decide on other terms of the share issue .,GS,0.10802375783874445,0.7694439647615213,0.12253227739973435,0.014508519560989905,0.7694439647615213,neutral,2024-09-16
2024-01-25,"Apple: Alma Media Corporation Press Release 15 March 2010 TYRVAAN SANOMAT AND PAIKALLISSANOMAT BEING BOUGHT BY SUOMEN PAIKALLISSANOMAT Two local papers , Tyrvaan Sanomat and Paikallissanomat , appearing in Sastamala and its neighbouring municipalities , are to be bought by Suomen Paikallissanomat Oy .",AAPL,0.1533328636562237,0.5766512539909338,0.27001588235284263,0.11668301869661893,0.5766512539909338,neutral,2024-01-25
2024-03-28,Nvidia: The talks are aimed at restructuring operations and cutting costs .,NVDA,0.18459258124709435,0.46576595732064857,0.34964146143225705,0.1650488801851627,0.46576595732064857,neutral,2024-03-28
2023-11-30,Amazon: CEO Erkki J+Ærvinen is happy with the company 's performance in 2010 .,AMZN,0.1323913250854012,0.40836844149571433,0.45924023341888437,0.3268489083334832,0.45924023341888437,positive,2023-11-30
2023-04-28,"Netflix: Last week , the Finnish metals and technology group announced plans to sell more than 80 percent of its technology unit to further the company 's strategic goal of becoming the world 's largest stainless steel maker .",NFLX,0.10849727156131365,0.38457765899547103,0.5069250694432152,0.3984277978819016,0.5069250694432152,positive,2023-04-28
2024-10-17,"Meta Platforms: The company has delivered the technical infrastructure , used by NAV for their data warehouse and business intelligence initiatives .",META,0.10600401064697743,0.6498037861497161,0.24419220320330642,0.138188192556329,0.6498037861497161,neutral,2024-10-17
2024-07-18,"Nvidia: As capacity was cut with 1.4 % , the passenger load factor was down 7.8 percentage points .",NVDA,0.6725490714003631,0.22183350506977528,0.10561742352986159,-0.5669316478705015,0.6725490714003631,negative,2024-07-18
2024-12-27,"Goldman Sachs: Arvo Vuorenmaa , the Loviisa plant 's general manager said the application for the new licence was a `` standard '' procedure and that he was `` quite confident '' about approval being granted .",GS,0.15625662414926017,0.48076671859186537,0.36297665725887435,0.20672003310961418,0.48076671859186537,neutral,2024-12-27
2024-09-17,"Goldman Sachs: According to ACNielsen 's ScanTrack study for the period week 10 of 2005 to week 9 of 2006 , Coca-Cola is the market leader in soft drinks in Finland .",GS,0.32164835315040785,0.4641231697718511,0.21422847707774106,-0.10741987607266679,0.4641231697718511,neutral,2024-09-17
2023-08-01,Goldman Sachs: Homeowners across North America have green experiences to share from cost savings to clean and eco-friendly heating .,GS,0.15997081678220842,0.18349826067934616,0.6565309225384454,0.49656010575623694,0.6565309225384454,positive,2023-08-01
2023-07-05,"Netflix: In January-November 2009 , the group 's sales totalled EUR 7,801.7 mn , which was a drop of 12.6 % from the same period of 2008 .",NFLX,0.4968388501126231,0.22345451401033248,0.27970663587704453,-0.21713221423557855,0.4968388501126231,negative,2023-07-05
2023-06-30,Microsoft: RSA 's shares closed at 156.9 p at the time of going to press .,MSFT,0.26255543674644705,0.533249021847028,0.20419554140652493,-0.05835989533992211,0.533249021847028,neutral,2023-06-30
2024-11-01,"Netflix: The result will also be burdened by increased fixed costs associated with operations in China , and restructuring costs in Japan .",NFLX,0.24466964410391315,0.21708749961499388,0.5382428562810929,0.2935732121771798,0.5382428562810929,positive,2024-11-01
2024-02-12,"Tesla: Dubai Nokia has announced the launch of `` Comes with Music '' , its ground-breaking service which introduces a new way for people to enjoy music .",TSLA,0.07672816982074135,0.5931264799287442,0.3301453502505144,0.253417180429773,0.5931264799287442,neutral,2024-02-12
2023-11-29,Goldman Sachs: The StoneGate product is centrally manageable and suited for both physical and virtual environments .,GS,0.06762709640802655,0.6116585840663769,0.3207143195255966,0.25308722311757004,0.6116585840663769,neutral,2023-11-29
2024-12-09,"Google: ( ADP News ) - Nov 3 , 2008 - Finnish cargo handling systems and services company Cargotec Oyj ( OMX : CGCBV ) said today that it acquired 80 % stakes in Italian service companies CVS Technoports Srl and CVS Service Srl from Italian handli",GOOGL,0.1730219382277733,0.31272754361726646,0.5142505181549603,0.34122857992718697,0.5142505181549603,positive,2024-12-09
2024-03-15,Jpmorgan: Loss after taxes amounted to EUR 1.2 mn compared to a loss of 2.6 mn .,JPM,0.6970506163892085,0.04270593189483246,0.2602434517159591,-0.4368071646732494,0.6970506163892085,negative,2024-03-15
2024-10-25,"Meta Platforms: Alma Media holds 70 % of this company , the remaining shares being owned by the company 's key employees .",META,0.15710027686878553,0.7092965347916226,0.13360318833959198,-0.02349708852919355,0.7092965347916226,neutral,2024-10-25
2024-12-19,Meta Platforms: Paper maker Stora Enso Oyj said Friday it has been acquitted of charges that it participated in a paper price-fixing conspiracy in the United States .,META,0.4210124775540548,0.24236328446885452,0.3366242379770908,-0.08438823957696401,0.4210124775540548,negative,2024-12-19
2023-02-28,"Meta Platforms: `` There 's the issue of thieves stealing them from building sites , '' said Mr Smith .",META,0.1543591291703065,0.6599917828581433,0.1856490879715503,0.0312899588012438,0.6599917828581433,neutral,2023-02-28
2023-09-21,"Jpmorgan: Finnish silicon wafer technology company Okmetic Oyj ( OMX Helsinki : OKM1V ) reported on Thursday ( 7 August ) an operating profit of EUR5 .3 m for the period January-June 2008 , up from EUR3 .3 m in the corresponding period in 2007 .",JPM,0.27978699233615717,0.2002191652618801,0.5199938424019628,0.2402068500658056,0.5199938424019628,positive,2023-09-21
2024-06-20,"Jpmorgan: Marimekko makes all sorts of colorful little impulse buys `` umbrellas , baby bibs , change purses `` and they 're all for sale , the better to take advantage of shoppers who ca n't commit to furniture but want a piece of the action .",JPM,0.1959237784649311,0.5207903568928705,0.28328586464219846,0.08736208617726737,0.5207903568928705,neutral,2024-06-20
2024-08-16,"Apple: EBITDA for the year 2009 improved to EUR484m , as compared with EUR472m in 2008 .",AAPL,0.2640293708574195,0.08754668184251739,0.6484239473000631,0.38439457644264363,0.6484239473000631,positive,2024-08-16
2023-04-19,"Goldman Sachs: 561,470 new shares under 2003 option rights plan Packaging company Huhtamaki Oyj reported on Monday that a total of 561,470 new shares of the company have been issued based on share subscriptions under its 2003 option rights plan .",GS,0.1344887280125898,0.7491242006885305,0.11638707129887975,-0.018101656713710043,0.7491242006885305,neutral,2023-04-19
2023-08-22,Google: Europe however remains an important and strong market for us .,GOOGL,0.08102092658382604,0.35299348117550744,0.5659855922406666,0.48496466565684054,0.5659855922406666,positive,2023-08-22
2024-02-06,"Tesla: After the acquisition , Basware 's preliminary pro forma net sales for 2005 amount to EUR 52.6 mn , and preliminary pro forma operating profit amounts to EUR 7.1 mn .",TSLA,0.2723797354682092,0.22803794646781683,0.4995823180639739,0.2272025825957647,0.4995823180639739,positive,2024-02-06
2024-08-07,"Google: The Division also includes joint sales , marketing and controlling functions for these units .",GOOGL,0.08922453186292748,0.724616269064153,0.1861591990729194,0.09693466720999191,0.724616269064153,neutral,2024-08-07
2023-03-23,Netflix: The recent troubles simply make NETeller cheaper .,NFLX,0.21068465543676787,0.4938584010853252,0.295456943477907,0.08477228804113915,0.4938584010853252,neutral,2023-03-23
2024-03-14,"Goldman Sachs: In parallel , TeliaSonera has decided to conduct a compulsory acquisition .",GS,0.19457707111604938,0.46596273686471235,0.3394601920192383,0.14488312090318894,0.46596273686471235,neutral,2024-03-14
2023-08-04,"Goldman Sachs: Finnish-owned contract manufacturer of electronics Elcoteq Hungary Kft has announced plans to recruit more than 650 new staffers to fulfill new orders in P+_cs , where the company has two plants .",GS,0.29365550658035094,0.25588827577727963,0.45045621764236926,0.15680071106201832,0.45045621764236926,positive,2023-08-04
2023-06-07,"Amazon: The Finnish real estate investment company Interavanti Oyj said on Monday ( 22 September ) that it has agreed to sell its 65 % ownership in the Finnish ticket service company Lippupiste Oy to CTS Eventim AG ( 56,1 % ) and to the managing director of Lippupiste Oy .",AMZN,0.12752830919656313,0.4453272932517374,0.42714439755169953,0.2996160883551364,0.4453272932517374,neutral,2023-06-07
2024-01-12,"Jpmorgan: Operating profit totalled EUR 83.0 mn , up from EUR 23.5 mn year-on-year .",JPM,0.07922111710124266,0.015146800807712227,0.9056320820910452,0.8264109649898025,0.9056320820910452,positive,2024-01-12
2023-10-31,Tesla: Both the net sales and operating profit were record high in the company 's history .,TSLA,0.18906804246350545,0.36068218622457043,0.450249771311924,0.26118172884841856,0.450249771311924,positive,2023-10-31
2024-04-09,Meta Platforms: The company confirmed its estimate for lower revenue for the whole 2009 than the year-ago EUR93 .9 m as given in the interim report on 5 August 2009 .,META,0.760346715507923,0.10765001862906505,0.13200326586301186,-0.6283434496449112,0.760346715507923,negative,2024-04-09
2023-08-21,"Meta Platforms: The GeoSolutions technology will leverage Benefon 's GPS solutions by providing Location Based Search Technology , a Communities Platform , location relevant multimedia content and a new and powerful commercial model .",META,0.06703593677483778,0.5655690516362814,0.36739501158888094,0.30035907481404317,0.5655690516362814,neutral,2023-08-21
2024-08-23,"Microsoft: The scheme for TeliaSonera and Altimo is practically identical , except that it involves the merger of their stakes in VimpelCom and Kyivstar .",MSFT,0.11549884197847914,0.6488951828651457,0.23560597515637505,0.12010713317789591,0.6488951828651457,neutral,2024-08-23
2023-02-27,"Microsoft: These sections will be put into place to form the load-bearing steel structure of the bridge , '' says Sami Eronen , Senior Vice President , Infrastructure and Northern Europe , Ruukki Construction .",MSFT,0.060819319491086384,0.6862865843394724,0.2528940961694412,0.19207477667835482,0.6862865843394724,neutral,2023-02-27
2024-09-20,Nvidia: Ponsse projects the forest machine markets to improve more than expected in 2010 from the previous year .,NVDA,0.20660962235707697,0.10575504234105797,0.687635335301865,0.4810257129447881,0.687635335301865,positive,2024-09-20
2023-01-23,"Apple: Key shareholders of Finnish IT services provider TietoEnator Oyj on Friday rejected a hostile EUR1 .08 billion $ 1.67 billion offer from buyout shop Nordic Capital , giving new life to a possible counter offer from Blackstone Group LP and Norwegian telecom Telenor ASA .",AAPL,0.18440800976517188,0.4070115193013555,0.40858047093347266,0.22417246116830078,0.40858047093347266,positive,2023-01-23
2024-06-21,"Amazon: Instead , Elcoteq has signed a non-binding Letter of Intent with another Asian strategic investor .",AMZN,0.11152146308302129,0.5149455793643644,0.37353295755261445,0.26201149446959315,0.5149455793643644,neutral,2024-06-21
2023-09-11,Amazon: The sale will lead to a pretax capital gain of EUR 22 million for the Finnish company in 2011 .,AMZN,0.22634789819309126,0.3640527236144847,0.4095993781924241,0.18325147999933283,0.4095993781924241,positive,2023-09-11
2023-10-09,Apple: Raute is listed on the Nordic exchange in Helsinki .,AAPL,0.09425145055883728,0.7796263153126908,0.12612223412847207,0.031870783569634784,0.7796263153126908,neutral,2023-10-09
2023-01-13,"Amazon: However , in March 2009 , the government of St. Petersburg passed the front part of the building with the area 1,900 square metres and a land plot for a hotel worth USD 10-15mn to the company Delta .",AMZN,0.12358357931004556,0.6819863597416168,0.1944300609483376,0.07084648163829203,0.6819863597416168,neutral,2023-01-13
2024-05-28,Meta Platforms: Delivery is due in the second half of 2011 .,META,0.2802234691540347,0.5008188708588579,0.2189576599871073,-0.061265809166927365,0.5008188708588579,neutral,2024-05-28
2023-05-02,Microsoft: No financial details were provided .,MSFT,0.05982225542764647,0.853358805235663,0.08681893933669058,0.026996683909044104,0.853358805235663,neutral,2023-05-02
2024-04-26,"Tesla: In its financial report , published on Friday , SEB said its net profit soared to SEK6 .745 bn in 2010 from a year-earlier SEK1 .114 bn and proposed a 50 % dividend increase to SEK1 .50 per share .",TSLA,0.19946966237049685,0.09047864579138705,0.7100516918381161,0.5105820294676193,0.7100516918381161,positive,2024-04-26
2024-06-13,"Tesla: The total scholarship amount was 40,000 euros and the recipients were chosen on the recommendation of fine arts universities and sports associations .",TSLA,0.17725815689778035,0.6321491712788401,0.19059267182337955,0.0133345149255992,0.6321491712788401,neutral,2024-06-13
2024-09-10,Google: The orders are part of a long-term development plan of Latvijas Finieris .,GOOGL,0.08734962942542589,0.6082650444536624,0.30438532612091174,0.21703569669548584,0.6082650444536624,neutral,2024-09-10
2024-05-31,"Tesla: The executive said that countries such as Brazil , Chile , Argentina and Mexico will lead the adoption in the business Ethernet services segment , while Brazil and Mexico will be the early adopters of carrier Ethernet for mobile backhaul .",TSLA,0.08172773008372296,0.4819101893489854,0.43636208056729175,0.3546343504835688,0.4819101893489854,neutral,2024-05-31
2023-08-09,"Jpmorgan: Pre-tax loss totaled EUR 0.3 mn , compared to a loss of EUR 2.2 mn in the first quarter of 2005 .",JPM,0.7094486893892822,0.033726137546172257,0.25682517306454555,-0.45262351632473663,0.7094486893892822,negative,2023-08-09
2024-06-24,"Tesla: The report profiles 614 companies including many key and niche players worldwide such as Black & Decker Corporation , Fiskars Corporation , Fiskars Brands , Inc. , Husqvarna Outdoor Products Inc. , K+S Group , Ryobi Technologies , Inc. , The Scotts Miracle-Gro Company , and Van Group , Inc. .",TSLA,0.08705067516203772,0.692376007301007,0.22057331753695522,0.1335226423749175,0.692376007301007,neutral,2024-06-24
2024-08-27,Amazon: `` The Government has had a very professional approach in assessing the offer .,AMZN,0.2912882875987881,0.4521435817678034,0.2565681306334086,-0.0347201569653795,0.4521435817678034,neutral,2024-08-27
2023-08-21,Tesla: Rapala Fishing Frenzy 2009 .,TSLA,0.2299015260032926,0.4347651538821587,0.33533332011454886,0.10543179411125625,0.4347651538821587,neutral,2023-08-21
2023-03-31,Apple: The operating margin of Aker Yards Cruise & Ferries division went down from 8.3 % to 6.4 % in the first quarter of 2007 .,AAPL,0.783280727910213,0.09314971305151151,0.12356955903827553,-0.6597111688719375,0.783280727910213,negative,2023-03-31
2024-10-11,"Meta Platforms: The markets are almost completely controlled by three banks : Nordea , OP Bank Group , and Sampo .",META,0.1486064317152574,0.5269689578648699,0.32442461041987275,0.17581817870461536,0.5269689578648699,neutral,2024-10-11
2023-04-19,Microsoft: Consolidated pretax profit decreased by 69.2 % to EUR 41.0 mn from EUR 133.1 mn in 2007 .,MSFT,0.7407196292277213,0.04199092112030856,0.21728944965197017,-0.5234301795757511,0.7407196292277213,negative,2023-04-19
2024-03-08,"Microsoft: The business idea of Budget Sport is to offer customers a wide range of high-quality sports equipment and clothing at low prices , the company said .",MSFT,0.10042253647723239,0.6471971617342129,0.25238030178855475,0.15195776531132238,0.6471971617342129,neutral,2024-03-08
2023-06-22,"Jpmorgan: The personnel reduction will be carried out in Anjalankoski , Hollola , Jyvaskyla , Jarvenpaa , Karhula , Turku and Valkeakoski units .",JPM,0.3534868802132437,0.536587898793442,0.1099252209933143,-0.2435616592199294,0.536587898793442,neutral,2023-06-22
2023-04-03,"Netflix: Thus , SysOpen Digia has , in accordance with Chapter 14 Section 21 of the Finnish Companies Act 29.9.1978 - 734 , obtained title to all the shares of Sentera that are to be redeemed .",NFLX,0.19318202382555597,0.4483569328415733,0.35846104333287077,0.1652790195073148,0.4483569328415733,neutral,2023-04-03
2024-07-22,Meta Platforms: It was decided that the auditors are reimbursed according to invoice .,META,0.2706347004669913,0.46277518751391333,0.26659011201909544,-0.004044588447895847,0.46277518751391333,neutral,2024-07-22
2023-04-17,"Netflix: According to Honka Japan 's Managing Director Marko Saarelainen , Honkarakenne exports about 200 ready made log houses to Japan a year .",NFLX,0.1635150103722593,0.3064082325112852,0.5300767571164555,0.3665617467441962,0.5300767571164555,positive,2023-04-17
2024-05-03,"Goldman Sachs: The contract also includes installation work in a new multistorey carpark for close on 1,000 vehicles .",GS,0.1204055697010762,0.662319820501652,0.2172746097972719,0.0968690400961957,0.662319820501652,neutral,2024-05-03
2024-05-21,Amazon: The agreement includes application maintenance and support services .,AMZN,0.051953348790342815,0.6045243657824987,0.3435222854271585,0.2915689366368157,0.6045243657824987,neutral,2024-05-21
2023-02-14,Jpmorgan: A tinyurl link takes users to a scamming site promising that users can earn thousands of dollars by becoming a Google ( NASDAQ : GOOG ) Cash advertiser .,GOOGL,0.1782886404647242,0.5596558339225053,0.2620555256127706,0.08376688514804642,0.5596558339225053,neutral,2023-02-14
2023-02-14,Jpmorgan: A tinyurl link takes users to a scamming site promising that users can earn thousands of dollars by becoming a Google ( NASDAQ : GOOG ) Cash advertiser .,JPM,0.1782886404647242,0.5596558339225053,0.2620555256127706,0.08376688514804642,0.5596558339225053,neutral,2023-02-14
2023-05-08,"Tesla: `` Soon after , the collisions started . ''",TSLA,0.12049962039375353,0.6046177407414242,0.27488263886482234,0.1543830184710688,0.6046177407414242,neutral,2023-05-08
2024-08-02,Amazon: The group said it intends to initiate within this year the process of buyout of minority shareholders of Ragutis with the aim of becoming the sole owner of the company .,AMZN,0.10575307970484867,0.3875203308559271,0.5067265894392243,0.4009735097343757,0.5067265894392243,positive,2024-08-02
2024-01-05,"Google: So , at the present time Nokian tires had the contract of tires production in China .",GOOGL,0.21796581362188447,0.5126520204534382,0.2693821659246774,0.05141635230279293,0.5126520204534382,neutral,2024-01-05
2023-03-30,"Netflix: Finnish lifting equipment maker Kone Oyj said on October 4 , 2007 it won an order worth 15 mln euro $ 21.2 mln to deliver a total of 53 custom designed elevators to Norwegian shipbuilder Aker Yards ASA .",NFLX,0.10103000904519634,0.15996618684981365,0.73900380410499,0.6379737950597937,0.73900380410499,positive,2023-03-30
2024-12-25,"Goldman Sachs: Information system supplier Sentera -- up 24.51 pct -- was the next most heavily traded share after SysOpen Digia , a software house , acquired 77.4 pct of the company this morning for just under 33 mln eur .",GS,0.19482833813687478,0.294577733102671,0.5105939287604543,0.3157655906235795,0.5105939287604543,positive,2024-12-25
2023-07-13,Amazon: Finnish property investment company Citycon plans to issue directed subordinated convertible bonds to institutional investors .,AMZN,0.10033313021027358,0.7333384122946204,0.16632845749510602,0.06599532728483244,0.7333384122946204,neutral,2023-07-13
2023-01-04,Meta Platforms: 28 January 2011 - Finnish technology center operator Technopolis Oyj (HEL : TPS1V)said today it will invest EUR22 .5 m in the construction of the second phase of an office facility in Tampere .,META,0.1322687862819984,0.41542894873874403,0.4523022649792576,0.3200334786972592,0.4523022649792576,positive,2023-01-04
2024-11-06,"Microsoft: The most important export markets are Norway , Germany , Russia and France .",MSFT,0.11159739047321317,0.6878176949911209,0.200584914535666,0.08898752406245282,0.6878176949911209,neutral,2024-11-06
2023-01-12,"Goldman Sachs: The acquisition is part of Suomen Helasto 's strategy to expand the LukkoExpert Security chain , Suomen Helasto CEO Kimmo Uusimaki said .",GS,0.06094377234202822,0.4134399339820463,0.5256162936759254,0.46467252133389725,0.5256162936759254,positive,2023-01-12
2024-02-08,Google: Vaisala 's net profit for the third quarter of 2007 dropped to 3.0 mln euro ( $ 4.3 mln ) from 6.8 mln euro ( $ 9.8 mln ) for the same period of 2006 .,GOOGL,0.6813950150927013,0.09346227035367421,0.22514271455362456,-0.4562523005390767,0.6813950150927013,negative,2024-02-08
2024-12-26,"Google: Outokumpu 's steel mill in Tornio , in Finland , is the suspected source .",GOOGL,0.13264736305107216,0.721762259677638,0.1455903772712898,0.012943014220217625,0.721762259677638,neutral,2024-12-26
2024-02-27,"Jpmorgan: When this investment is in place , Atria plans to expand into the Moscow market .",JPM,0.09128173296777294,0.3867192759705635,0.5219989910616636,0.43071725809389066,0.5219989910616636,positive,2024-02-27
2024-03-04,"Meta Platforms: Technopolis has Finnish operations in Oulu , Vantaa , Espoo , Lappeenranta , Jyvaskyla and Tampere and is also preparing to expand its operations to Russia .",META,0.12036307901350826,0.4342498755632413,0.44538704542325036,0.32502396640974207,0.44538704542325036,positive,2024-03-04
2023-10-11,"Nvidia: On preliminary estimate , the hotel will operate under the brand Novotel .",NVDA,0.13834097349046673,0.6864676644955184,0.1751913620140148,0.03685038852354808,0.6864676644955184,neutral,2023-10-11
2023-04-04,Microsoft: Finnish Raute Precision that supplies weighing and dosing systems and plants is changing its name to Lahti Precision .,MSFT,0.11747760862682383,0.551106940004373,0.3314154513688031,0.2139378427419793,0.551106940004373,neutral,2023-04-04
2024-02-22,"Apple: Thereby , the company will expand its offering to North , Central and South America .",AAPL,0.07689312238039775,0.20855421747853442,0.7145526601410679,0.6376595377606702,0.7145526601410679,positive,2024-02-22
2024-10-17,"Jpmorgan: Operating profit , excluding non-recurring items , totalled EUR 1.0 mn , down from EUR 1.6 mn .",JPM,0.9298800681278286,0.020618567931773624,0.04950136394039775,-0.8803787041874309,0.9298800681278286,negative,2024-10-17
2023-03-08,Nvidia: Talentum acquired a 47.5 pct stake in Varesvuo Partners in 1997 and the remaining in 2002 and 2005 .,NVDA,0.1379835694207215,0.7118445504229742,0.15017188015630434,0.012188310735582825,0.7118445504229742,neutral,2023-03-08
2024-10-04,"Microsoft: After non-recurring items of EUR 177mn , profit amounted to EUR 20mn .",MSFT,0.5683776483177342,0.15198005337937476,0.27964229830289106,-0.28873535001484313,0.5683776483177342,negative,2024-10-04
2023-10-31,Google: Vacon 's cash flow from operations grew to EUR 37.1 mn from EUR 21.9 mn a year ago .,GOOGL,0.1102329913585551,0.021328812326694754,0.8684381963147502,0.758205204956195,0.8684381963147502,positive,2023-10-31
2024-01-26,Meta Platforms: An earn-out payment of up to 4.0 mln euro ( $ 5.3 mln ) can also be paid depending on Intellibis financial performance in 2007 .,META,0.246287924817666,0.40203039103017413,0.3516816841521598,0.10539375933449377,0.40203039103017413,neutral,2024-01-26
2023-05-02,"Google: Operating profit for the nine-month period increased from EUR3 .1 m and net sales increased from EUR61 .5 m , as compared to the corresponding period in 2007 .",GOOGL,0.17732794593741177,0.05571093038375995,0.7669611236788283,0.5896331777414165,0.7669611236788283,positive,2023-05-02
2024-03-29,Goldman Sachs: After the renovation the biggest moulding line in the Orhangazi foundry is the most modern line in Europe .,GS,0.1654357981387142,0.5562856934301141,0.2782785084311717,0.11284271029245749,0.5562856934301141,neutral,2024-03-29
2023-05-15,"Netflix: Helsinki on October 22 , 2008 SSH COMMUNICATIONS SECURITY CORP Board of Directors For further information , please contact : Tomi Laamanen , Chairman , tel. +358 0 400 609 544 Distribution : NASDAQ OMX Helsinki Ltd. .",NFLX,0.16752576730000915,0.6969556737272047,0.13551855897278622,-0.032007208327222925,0.6969556737272047,neutral,2023-05-15
2023-07-19,Apple: The order also includes extensive maintenance work of a shoe press delivered by Vaahto in 2001 .,AAPL,0.0947674198333512,0.6856045148930776,0.2196280652735712,0.12486064544022,0.6856045148930776,neutral,2023-07-19
2024-06-11,Netflix: Sales fell abroad but increased in Finland .,NFLX,0.6384989074125514,0.14561055829938405,0.21589053428806454,-0.4226083731244869,0.6384989074125514,negative,2024-06-11
2023-02-07,"Meta Platforms: Galeria Podlaska , a shopping mall on Wysockiego Street in Bia ` ystok , is approximately 60-percent leased or reserved .",META,0.08027000860729412,0.7525243449252033,0.16720564646750258,0.08693563786020846,0.7525243449252033,neutral,2023-02-07
2023-11-23,"Meta Platforms: Cargotec 's share capital after the increase totals EUR 64,299,180 .",META,0.09435576531480383,0.484991343929615,0.42065289075558115,0.3262971254407773,0.484991343929615,neutral,2023-11-23
2024-03-11,"Nvidia: India 's trade with Russia currently stands at four billion dollars , growing 9.6 per cent in fiscal 2007 .",NVDA,0.3810444005800174,0.4026605218774873,0.2162950775424953,-0.16474932303752207,0.4026605218774873,neutral,2024-03-11
2023-04-06,"Meta Platforms: As a result , 12 people will be made redundant and a total of 67 persons are laid off temporarily .",META,0.6581117570189963,0.2645658134361703,0.07732242954483352,-0.5807893274741628,0.6581117570189963,negative,2023-04-06
2023-08-03,Jpmorgan: The plan is estimated to generate some EUR 5 million ( USD 6.5 m ) in cost savings on an annual basis .,JPM,0.11068272467645089,0.2802643146377267,0.6090529606858224,0.49837023600937147,0.6090529606858224,positive,2023-08-03
2023-09-08,"Google: This truly takes efficiency to new heights , '' Mr. Metso adds .",GOOGL,0.1489188244236849,0.433357241206796,0.4177239343695191,0.2688051099458342,0.433357241206796,neutral,2023-09-08
2024-04-30,"Nvidia: The two companies will also partner in further developing Raiso 's cholesterol lowering brand , Benecol .",NVDA,0.12670627656269084,0.4563981670567171,0.41689555638059217,0.2901892798179013,0.4563981670567171,neutral,2024-04-30
2024-12-13,Google: No financial information was provided .,GOOGL,0.10743909856423378,0.8062196697311631,0.08634123170460316,-0.021097866859630623,0.8062196697311631,neutral,2024-12-13
2024-09-03,"Netflix: Cramo 's manager Jarmo Laasanen said hiring of equipment and machinery in Lithuania differs from the other Baltic countries in that in Lithuania still many public structures such as roads , bridges , airports and shops are being built .",NFLX,0.14040081428616444,0.44230617850382803,0.4172930072100075,0.27689219292384304,0.44230617850382803,neutral,2024-09-03
2023-05-19,Jpmorgan: Total operating revenue grew by 27.6 % year-on-year to EUR61m .,JPM,0.1768779084315733,0.06566966679433743,0.7574524247740893,0.580574516342516,0.7574524247740893,positive,2023-05-19
2023-01-13,Apple: YIT Kausta will build commercial and residential highrises in Virsuliskes area .,AAPL,0.09551492995498445,0.636516740758549,0.2679683292864666,0.17245339933148213,0.636516740758549,neutral,2023-01-13
2023-02-08,"Netflix: ( ADP News ) - Feb 11 , 2009 - Finnish wood products technology supplier Raute Oyj ( HEL : RUTAV ) said today its net profit decreased to EUR 4.7 million ( USD 6.1 m ) for 2008 from EUR 6.6 million for 2007 .",NFLX,0.8002061987171935,0.03979754426896331,0.15999625701384323,-0.6402099417033502,0.8002061987171935,negative,2023-02-08
2024-03-11,Netflix: The following information was released by Comptel : Tomorrow the Chairman of the Federal Communications Commission is scheduled to deliver the National Broadband Plan to Congress .,NFLX,0.15721884877792433,0.6479573883925271,0.19482376282954852,0.037604914051624194,0.6479573883925271,neutral,2024-03-11
2023-04-25,Apple: Solteq Plc ANNOUNCEMENT 16.12.2010 SHARE REPURCHASE 16.12.2010 In the Helsinki Stock Exchange Solteq Plc now holds a total of 486.969 shares including the shares repurchased on 16.12.2010 .,AAPL,0.16174330618658841,0.6121818836952924,0.22607481011811928,0.06433150393153086,0.6121818836952924,neutral,2023-04-25
2023-06-19,"Goldman Sachs: Comparable operating profit for the quarter decreased from EUR510m while sales increased from EUR860m , as compared to the third quarter 2007 .",GS,0.7865313581044986,0.058095074868988295,0.15537356702651328,-0.6311577910779853,0.7865313581044986,negative,2023-06-19
2024-09-11,"Amazon: Finnish Cargotec 's Kalmar , the business area providing container handling solutions , has been awarded an order for a further ten E-One rubber-tyred gantry RTG cranes from Saigon Newport Company SNP , in Vietnam .",AMZN,0.047837613370323155,0.16805218060965196,0.784110206020025,0.7362725926497019,0.784110206020025,positive,2024-09-11
2024-10-01,Google: Return on investment ROI was 4.1 % compared to 43.8 % in the first half of 2008 .,GOOGL,0.7174241996301779,0.11980756924469908,0.16276823112512298,-0.5546559685050549,0.7174241996301779,negative,2024-10-01
2024-09-04,"Amazon: In contrast , the company 's net loss for the third quarter of 2009 contracted to EUR 76 million from EUR 256 million for the corresponding period a year ago .",AMZN,0.4513682329904691,0.028507168259478206,0.5201245987500527,0.0687563657595836,0.5201245987500527,positive,2024-09-04
2023-07-05,Jpmorgan: Operating profit fell to EUR 38.1 mn from EUR 55.3 mn in 2007 .,JPM,0.8716278160072821,0.02334889265508481,0.10502329133763309,-0.766604524669649,0.8716278160072821,negative,2023-07-05
2024-03-28,"Netflix: The recruitment is related to the relocation of Stora Enso 's research operations to Karlstad , central Sweden .",NFLX,0.16232422098578514,0.6571124619120066,0.18056331710220833,0.018239096116423187,0.6571124619120066,neutral,2024-03-28
2024-03-21,"Jpmorgan: ALEXANDRIA , Va. , Oct. 23 -- Hans-Otto Scheck of Espoo , Finland , has developed a method of identifying remote radio units in a communication system .",JPM,0.116140118718731,0.7554839549029829,0.1283759263782862,0.012235807659555203,0.7554839549029829,neutral,2024-03-21
2023-05-16,"Netflix: BasWare 's CEO Ilkka Sihvo comments in conjunction with the Interim Report : `` As a whole , BasWare succeeded well in the second quarter of 2007 .",NFLX,0.27487331689195765,0.42316725160162666,0.30195943150641563,0.02708611461445798,0.42316725160162666,neutral,2023-05-16
2024-02-08,"Netflix: The airline estimated that the cancellation of its flights due to the closure of European airspace , and the process of recommencing traffic , have caused a the company a loss of EUR20m , including the costs of stranded passengers ' accommodation .",NFLX,0.6419877845963202,0.12113725893846428,0.23687495646521547,-0.4051128281311047,0.6419877845963202,negative,2024-02-08
2024-01-19,"Nvidia: For Telenor , the three and a half year contract is worth an estimated 12.6 m. YIT has chosen Telenor and Elisa as its principal suppliers of ICT solutions in Norway , Sweden , Denmark and Finland .",NVDA,0.19977919343136588,0.3801519892422061,0.42006881732642803,0.22028962389506215,0.42006881732642803,positive,2024-01-19
2023-10-17,"Microsoft: Metso Foundries Jyvaskyla Oy will discontinue production on this line by 30 September 2008 , the company said .",MSFT,0.2503653182284965,0.37697872632136553,0.37265595545013785,0.12229063722164135,0.37697872632136553,neutral,2023-10-17
2024-07-03,"Jpmorgan: The donations are granted to Aalto University and the universities of Helsinki , Tampere , Turku , Eastern Finland , Jyv+Æskyl+Æ , Oulu and Vaasa , and to polytechnics to be announced later .",JPM,0.1617646054372146,0.5965914805411905,0.24164391402159482,0.07987930858438022,0.5965914805411905,neutral,2024-07-03
2024-05-09,"Google: Laavainen said Benecol was well known in Europe and the US , where it had been in the market for 15 years .",GOOGL,0.41950112444640714,0.3192009813757428,0.26129789417785004,-0.1582032302685571,0.41950112444640714,negative,2024-05-09
2024-01-25,"Nvidia: As a result , it has started negotiations with the banks on provisional amendments concerning the covenants and other credit terms .",NVDA,0.2827507992599796,0.46705473033024214,0.2501944704097783,-0.032556328850201266,0.46705473033024214,neutral,2024-01-25
2024-06-13,"Nvidia: A total EUR73 .7 m will be provided as secured senior three-year debt from the syndicate , involving Pohjola Bank HEL : POH1S , the Finnish arm of Nordea Bank AB STO : NDA , and Sampo Bank HEL : SAMAS .",NVDA,0.17126485575479117,0.5829690196994493,0.24576612454575966,0.0745012687909685,0.5829690196994493,neutral,2024-06-13
2024-07-11,Google: No financial details were reported .,GOOGL,0.070280715660951,0.8530296850201876,0.07668959931886148,0.00640888365791048,0.8530296850201876,neutral,2024-07-11
2024-02-19,"Meta Platforms: Cablevision Systems Corp. CVC Their Madison Square Garden division owns and operates the New York Knickerbockers basketball team ; they also own the Madison Square Garden Arena , the New York Rangers hockey team , the New York Liberty women 's basketball team , and the Hartford Wolf Pack hockey team .",META,0.08044887239533309,0.7577790513737702,0.1617720762308967,0.08132320383556361,0.7577790513737702,neutral,2024-02-19
2023-07-14,"Apple: Weber convinced his friend Ray Ostrom , who owned a Lake Street sporting goods store , to sell the lures .",AAPL,0.13278932684466208,0.6808268593350694,0.1863838138202685,0.053594486975606426,0.6808268593350694,neutral,2023-07-14
2024-07-08,Apple: Raute said it has won an order worth around 15 mln eur to supply several plywood production lines to mills operated by Russian wood products company Sveza Group .,AAPL,0.10095528382285623,0.10726026325338175,0.7917844529237621,0.6908291691009059,0.7917844529237621,positive,2024-07-08
2024-06-07,Apple: ( A spokesperson told WWD to expect a 50-50 mix of clothing and home decor . ),AAPL,0.16580776164534036,0.32815321555490246,0.5060390227997572,0.3402312611544168,0.5060390227997572,positive,2024-06-07
2024-12-19,Google: The forecast for 2012 is 3.3 % .,GOOGL,0.07489609682974724,0.7423076242681167,0.18279627890213604,0.1079001820723888,0.7423076242681167,neutral,2024-12-19
2023-04-20,"Nvidia: ` Our strategic cooperation with Rentakran brings us new customers and already-working relationships with the authorities of the new territories , ' said Jarmo Laasanen , a senior manager at Cramo .",NVDA,0.03643983243738901,0.2752932113958373,0.6882669561667737,0.6518271237293847,0.6882669561667737,positive,2023-04-20
2023-11-02,"Google: In a media advisory , the NTSB said that after subsequent testing , `` the train detection system intermittently failed . ''",GOOGL,0.2894154965871798,0.4897104280327348,0.22087407538008538,-0.06854142120709442,0.4897104280327348,neutral,2023-11-02
2024-11-06,"Amazon: During the strike , Finnair estimates to incur a net loss of between EUR2m and EUR2 .5 m per day .",AMZN,0.4748360212558803,0.14944268190838725,0.3757212968357325,-0.09911472442014779,0.4748360212558803,negative,2024-11-06
2024-01-11,"Amazon: SSH Communications Security Corporation is headquartered in Helsinki , Finland .",AMZN,0.10406284905753635,0.7841605890567195,0.11177656188574421,0.007713712828207861,0.7841605890567195,neutral,2024-01-11
2024-11-20,"Meta Platforms: The inventors are Bylander Johan , Ponten Fredrik and Lundberg Jorgen .",META,0.11926670852328425,0.6986451502458051,0.1820881412309107,0.06282143270762644,0.6986451502458051,neutral,2024-11-20
2023-01-10,Google: It said Comptel delivers reliable provisioning and activation solutions which improve fulfilment processes for operators .,GOOGL,0.06768838500389243,0.27967901778235454,0.6526325972137531,0.5849442122098607,0.6526325972137531,positive,2023-01-10
2023-01-26,Jpmorgan: Quality chargers under CHARGZ brand are sold in selected retail stores and other sales locations world-wide .,JPM,0.08876004701711358,0.6733522149865828,0.23788773799630344,0.14912769097918988,0.6733522149865828,neutral,2023-01-26
2024-08-05,"Jpmorgan: We have also cut our price projections for paper and packaging , '' an analyst with Goldman Sachs said on a note on Monday .",JPM,0.10935117992795282,0.23752759980297913,0.653121220269068,0.5437700403411152,0.653121220269068,positive,2024-08-05
2024-08-05,"Jpmorgan: We have also cut our price projections for paper and packaging , '' an analyst with Goldman Sachs said on a note on Monday .",GS,0.10935117992795282,0.23752759980297913,0.653121220269068,0.5437700403411152,0.653121220269068,positive,2024-08-05
2023-09-20,Netflix: The company reiterates its outlook for 2009 .,NFLX,0.22686935863706784,0.3681961879031273,0.40493445345980483,0.178065094822737,0.40493445345980483,positive,2023-09-20
2024-01-16,Jpmorgan: It has been agreed with the company 's Board of Directors that she will be available in an advisory role .,JPM,0.07053465756371351,0.6802724816868821,0.2491928607494043,0.1786582031856908,0.6802724816868821,neutral,2024-01-16
2023-11-09,"Google: Lemminkainen Infra Oy 's subsidiary Lemminkainen Sverige AB will perform the construction work , which is expected to start in early 2011 and to be completed in the summer of 2013 .",GOOGL,0.0736304529068193,0.7412363047367231,0.18513324235645773,0.11150278944963843,0.7412363047367231,neutral,2023-11-09
2023-10-25,Amazon: ABN : 59 087 901 620 now represent 5.10 % of the voting rights and share capital of Citycon Oyj .,AMZN,0.10900023907562975,0.7661984177830278,0.12480134314134261,0.015801104065712862,0.7661984177830278,neutral,2023-10-25
2024-11-18,Microsoft: The transaction will take place without payment of merger consideration .,MSFT,0.09168198660750591,0.7428913421519907,0.16542667124050345,0.07374468463299753,0.7428913421519907,neutral,2024-11-18
2023-03-10,"Google: The firm 's services include copying , printing , CAD-modelling , digital printing , scanning , SokoPro project bank and courier services .",GOOGL,0.10423873405234825,0.6345279210487323,0.2612333448989194,0.15699461084657118,0.6345279210487323,neutral,2023-03-10
2024-07-18,"Apple: The aim of the CEO 's Q&A sessions is to give further clarity on information , which has been made public already earlier .",AAPL,0.16655646871883584,0.43369927500828614,0.3997442562728781,0.23318778755404224,0.43369927500828614,neutral,2024-07-18
2024-10-11,Netflix: ASSA ABLOY Kaupthing Bank gave a ` neutral ' recommendation and a share price target of 174 crowns $ 24.7 - 19 euro on Swedish lock maker Assa Abloy AB .,NFLX,0.16055736848561125,0.2508948105551375,0.5885478209592513,0.42799045247364004,0.5885478209592513,positive,2024-10-11
2024-04-25,"Goldman Sachs: The segment has an annual revenue of approximately EUR400m , the company said .",GS,0.09091408562936722,0.6524992710604154,0.25658664331021735,0.16567255768085015,0.6524992710604154,neutral,2024-04-25
2023-10-17,"Apple: Profit before taxes decreased by 9 % to EUR 187.8 mn in the first nine months of 2008 , compared to EUR 207.1 mn a year earlier .",AAPL,0.916437885697163,0.005157185562603789,0.078404928740233,-0.83803295695693,0.916437885697163,negative,2023-10-17
2023-04-27,"Jpmorgan: `` This agreement is a direct result of LCC 's strategy and plan that was announced earlier this year , '' said Dean Douglas , LCC 's chief executive officer .",JPM,0.37053913926548704,0.13675405212168518,0.49270680861282784,0.1221676693473408,0.49270680861282784,positive,2023-04-27
2024-05-14,"Apple: The company designs and manufactures high-quality clothing , interior decoration textiles , bags , and other accessories .",AAPL,0.10097639996866867,0.6827747950812585,0.2162488049500728,0.11527240498140412,0.6827747950812585,neutral,2024-05-14
2023-12-08,Jpmorgan: EuroChem CFO Andrey Ilyin said : `` This facility marks another important step for EuroChem in securing the long-term financing necessary for our potash and other strategic projects '' .,JPM,0.05865310928207935,0.2247834792153057,0.7165634115026149,0.6579103022205356,0.7165634115026149,positive,2023-12-08
2023-04-19,Nvidia: In addition the production personnel of the Sport Division have been given a temporary lay-off warning .,NVDA,0.872477680031102,0.08352194091071762,0.04400037905818039,-0.8284773009729216,0.872477680031102,negative,2023-04-19
2023-09-20,Amazon: Profit of the accounting period was EUR 0.3 mn .,AMZN,0.47757767309989424,0.18644937265688533,0.3359729542432205,-0.14160471885667375,0.47757767309989424,negative,2023-09-20
2024-12-03,Meta Platforms: The bank forecasts Finland 's GDP will grow by 2 % in 2010 and in 2011 .,META,0.12062431046904629,0.4658505926328608,0.4135250968980928,0.2929007864290465,0.4658505926328608,neutral,2024-12-03
2023-07-13,Jpmorgan: Shareholders have a right to put on the agenda of the AGM items that are within the competence of the general meeting .,JPM,0.22833808999754202,0.6202373670109425,0.15142454299151556,-0.07691354700602646,0.6202373670109425,neutral,2023-07-13
2023-05-11,"Amazon: Foodservice and consumer goods markets are served by approximately 13,000 people in 54 manufacturing units and several sales offices in 33 countries .",AMZN,0.1107398448374972,0.6666314796612548,0.22262867550124793,0.11188883066375073,0.6666314796612548,neutral,2023-05-11
2024-05-13,Netflix: The other deal is for process cranes to the Russian steel mill PNTZ in Pervorouralsky through an order placed by Turkish construction company Gama Endustri Tesisleri Imalat ve Montaj AS .,NFLX,0.05020155799207647,0.6623791599564025,0.28741928205152095,0.23721772405944447,0.6623791599564025,neutral,2024-05-13
2023-05-26,Jpmorgan: Finnish sports equipment company Amer Sports said it has decided to lay off 370 workers from its Salomon division in France .,JPM,0.44319360898761295,0.2351578220101889,0.3216485690021981,-0.12154503998541483,0.44319360898761295,negative,2023-05-26
2024-11-04,"Microsoft: Rockwell Collins is a provider of flight deck , cabin and information management solutions for business aircraft operators .",MSFT,0.0424342987404077,0.6084050439786773,0.349160657280915,0.3067263585405073,0.6084050439786773,neutral,2024-11-04
2024-09-19,Meta Platforms: Net sales have been eaten by the weak US dollar .,META,0.5245257482814657,0.2313264855065099,0.2441477662120245,-0.2803779820694412,0.5245257482814657,negative,2024-09-19
2024-12-19,"Jpmorgan: The Polish business employs about 1,000 people , and it had net sales of about EUR 70mn in 2007 .",JPM,0.12682690782942632,0.7510137327716939,0.12215935939887969,-0.004667548430546634,0.7510137327716939,neutral,2024-12-19
2024-10-29,"Tesla: According to CEO Kai Telanne , the company 's newspapers achieved the best financial result ever .",TSLA,0.19051915587404145,0.41934897912879193,0.39013186499716657,0.19961270912312512,0.41934897912879193,neutral,2024-10-29
2023-06-28,Jpmorgan: The company also said that its board of directors has proposed a profit distribution of EUR0 .92 per share .,JPM,0.20637731444090202,0.32989142272899247,0.46373126283010563,0.2573539483892036,0.46373126283010563,positive,2023-06-28
2023-06-05,Goldman Sachs: The divested activities had net sales of EUR 145.1 million in 2009 and an operating profit of EUR 8.9 million .,GS,0.30645730602181265,0.4117825050631096,0.2817601889150777,-0.024697117106734945,0.4117825050631096,neutral,2023-06-05
2023-09-07,"Goldman Sachs: The estimated turnover of the new company is LVL 2,5 million EEK 40 million .",GS,0.07538890645160834,0.7155089517686263,0.20910214177976547,0.13371323532815713,0.7155089517686263,neutral,2023-09-07
2023-12-11,Jpmorgan: As a consequence of the merger the number of administration personnel at the factories will be reduced by six .,JPM,0.3405977774800391,0.5862739240754021,0.0731282984445588,-0.2674694790354803,0.5862739240754021,neutral,2023-12-11
2024-10-04,"Meta Platforms: ( ADP News ) - Feb 6 , 2009 - Finnish fishing tackle company Rapala VMC Corp ( HEL : RAP1V ) said today its net profit rose to EUR 19.2 million ( USD 24.6 m ) for 2008 from EUR 17.5 million for 2007 .",META,0.3734585325426037,0.061300385183131224,0.5652410822742651,0.19178254973166137,0.5652410822742651,positive,2024-10-04
2024-06-19,"Microsoft: In a note to clients published , the Dutch broker described the company 's third quarter results as ` soft ' , although it also noted that Elcoteq retained its guidance , dealers said .",MSFT,0.28823306697880524,0.34259526282404373,0.369171670197151,0.08093860321834578,0.369171670197151,positive,2024-06-19
2024-04-16,"Jpmorgan: After the split , the company would have 26,885,540 Series A shares and 9,540,000 Series K shares .",JPM,0.17064939384879962,0.680180557552022,0.14917004859917848,-0.02147934524962114,0.680180557552022,neutral,2024-04-16
2024-10-03,"Tesla: The new company will buy from Baltic Pearl CJSC a lease right to 8.1 hectares for the construction of a mall with a gross area of 140,000 sq m 1.5 million sq ft .",TSLA,0.0605117767336025,0.5661856201586329,0.37330260310776453,0.312790826374162,0.5661856201586329,neutral,2024-10-03
2024-04-17,Google: The purpose of this action is to ensure company 's cost effectiveness this year and in the near future .,GOOGL,0.12725761681604822,0.28819474863952443,0.5845476345444274,0.4572900177283792,0.5845476345444274,positive,2024-04-17
2023-10-04,Tesla: Earnings per share EPS rose to EUR 0.11 from EUR 0.03 .,TSLA,0.1967306937238599,0.038272735725268445,0.7649965705508717,0.5682658768270118,0.7649965705508717,positive,2023-10-04
2023-10-30,"Tesla: The operating loss amounted to EUR 0.8 mn , compared to a profit of EUR 3.9 mn a year earlier .",TSLA,0.9196918919774913,0.008896344271720771,0.07141176375078787,-0.8482801282267035,0.9196918919774913,negative,2023-10-30
2024-01-12,Apple: 16 February 2011 - Finnish industrial machinery company Metso Oyj ( HEL : MEO1V ) said today it will deliver minerals processing equipment and basic engineering to Canadian miner Northland Resources ( OSL : NAUR ) ( TSE : NAU ) .,AAPL,0.1947262677680571,0.3549675433679343,0.4503061888640087,0.2555799210959516,0.4503061888640087,positive,2024-01-12
2023-03-07,"Netflix: According to the Act , universities can now acquire private funding .",NFLX,0.12942706116483688,0.6178116225066597,0.2527613163285034,0.12333425516366653,0.6178116225066597,neutral,2023-03-07
2024-06-26,"Apple: Biohit and VWR have been in close cooperation for a number of years in the US , where Biohit is one of VWR 's focus suppliers .",AAPL,0.3701665256837411,0.3240258947709739,0.3058075795452851,-0.064358946138456,0.3701665256837411,negative,2024-06-26
2024-04-22,"Nvidia: Following the divestment , Fiskars 's Outdoor unit will comprise the brands Gerber , Silva and Buster , and will focus on multi-tools , knives , compasses , mobile lighting , pedometers , and aluminium boats .",NVDA,0.05595321824963426,0.7756322140261678,0.1684145677241979,0.11246134947456365,0.7756322140261678,neutral,2024-04-22
2024-06-18,Netflix: The subsidiary is setting up a facility for manufacturing high-density interconnection printed circuit boards or PCBs at Nokia 's special economic zone at Sriperumbudur near Chennai .,NFLX,0.08864251144979084,0.7208684433548688,0.19048904519534043,0.1018465337455496,0.7208684433548688,neutral,2024-06-18
2024-01-25,"Google: It 's even a little bit higher than Yara 's multiples on itself , ' an analyst in Helsinki said .",GOOGL,0.2658734265239523,0.2581631130556864,0.4759634604203612,0.2100900338964089,0.4759634604203612,positive,2024-01-25
2024-07-25,Amazon: The company plans to spend the proceeds from the rights offering for strengthening its balance sheet .,AMZN,0.14560245891661003,0.3322392736239956,0.5221582674593943,0.37655580854278425,0.5221582674593943,positive,2024-07-25
2024-11-25,Jpmorgan: The vessels are the largest and fastest ropax vessels in the world that will be built by Fincantieri .,JPM,0.16353424822370397,0.5323721884442874,0.30409356333200876,0.1405593151083048,0.5323721884442874,neutral,2024-11-25
2024-02-21,"Tesla: In addition to supplying a new headbox and a modern sizing and coating unit , Vaahto Group will provide erection supervision , training and start-up services .",TSLA,0.05274759816437563,0.4541837607495273,0.49306864108609705,0.4403210429217214,0.49306864108609705,positive,2024-02-21
2023-11-21,Apple: Finnish Nordic Aluminium is starting employer-employee negotiations in Finland that concern all staff groups .,AAPL,0.5740597559999795,0.297801430351448,0.12813881364857246,-0.445920942351407,0.5740597559999795,negative,2023-11-21
2023-03-17,Jpmorgan: The share of the share capital of both above mentioned shareholders remains below 5 % .,JPM,0.08829339442493213,0.740733117341092,0.1709734882339757,0.08268009380904358,0.740733117341092,neutral,2023-03-17
2024-07-23,"Apple: Finnish industrial investor Panostaja Oyj OMX Helsinki : PNAAS OMX Helsinki : PNABS said on Friday 11 July that it has signed a deal to acquire the entire share capital of Kospa Oy , the manufacturer of waste disposal equipment .",AAPL,0.2928619600771449,0.33646850502243214,0.3706695349004229,0.07780757482327805,0.3706695349004229,positive,2024-07-23
2024-10-22,Google: The company reported today an operating loss of EUR0 .1 m on net sales of EUR4 .5 m for the first quarter 2008 .,GOOGL,0.5270354274828712,0.2844166349449162,0.18854793757221258,-0.3384874899106587,0.5270354274828712,negative,2024-10-22
2024-05-27,"Netflix: Operating profit for the 12-month period decreased from EUR17 .9 m while net sales increased from EUR58 .3 m , as compared to 2007 .",NFLX,0.7896420646746326,0.052513995537030234,0.15784393978833716,-0.6317981248862954,0.7896420646746326,negative,2024-05-27
2024-09-24,"Netflix: This could be any of us at any time , '' she said .",NFLX,0.1338163592458209,0.6374647912183612,0.2287188495358178,0.09490249028999692,0.6374647912183612,neutral,2024-09-24
2024-09-20,"Tesla: The manufacture of CPPs will be undertaken at the existing Export Oriented Unit EOU at Wartsila 's factory at Khopoli , near Mumbai .",TSLA,0.14241091367700545,0.7186980599021354,0.1388910264208592,-0.0035198872561462424,0.7186980599021354,neutral,2024-09-20
2024-08-06,"Jpmorgan: According to statistics by the Finnish Maritime Administration , shipping did not increase much in January-August 2009 , however .",JPM,0.2988485669251294,0.4211101029193789,0.2800413301554916,-0.018807236769637803,0.4211101029193789,neutral,2024-08-06
2024-01-03,Meta Platforms: Marketing will use Tikkurila 's existing infra structure and local knowledge in Russia .,META,0.12133041788822825,0.6175019281730773,0.26116765393869446,0.13983723605046622,0.6175019281730773,neutral,2024-01-03
2023-03-15,"Amazon: According to the company , in addition to normal seasonal fluctuation the market situation has weakened during autumn 2008 .",AMZN,0.3863902060547838,0.29506833270837535,0.3185414612368409,-0.0678487448179429,0.3863902060547838,negative,2023-03-15
2023-01-03,"Apple: `` We have a license agreement with Nokia Corp. which in part expires on April 9 , 2007 .",AAPL,0.14853846035539148,0.33117519738055073,0.5202863422640578,0.3717478819086663,0.5202863422640578,positive,2023-01-03
2023-05-30,"Tesla: Changes in the market situation and tougher price competition have substantially reduced demand for bread packaging manufactured at the Kauhava plant , according to the company .",TSLA,0.5110457234034015,0.2766195531385759,0.2123347234580226,-0.29871099994537886,0.5110457234034015,negative,2023-05-30
2023-11-10,Meta Platforms: 26 January 2011 - Finnish software solutions provider Basware ( HEL : BAS1V ) said yesterday it adjusted its strategy and goals for the next four years with focus on international growth mainly via acquisitions .,META,0.055103126745731784,0.3020913838034379,0.6428054894508303,0.5877023627050985,0.6428054894508303,positive,2023-11-10
2024-06-27,"Netflix: Deliveries of Nokia 1112 , Nokia 2310 and Nokia 2610 are expected to start in the second quarter of 2006 .",NFLX,0.1700620783842942,0.443874892076495,0.38606302953921084,0.21600095115491663,0.443874892076495,neutral,2024-06-27
2023-11-29,Nvidia: Cash flow from operating activities is estimated to be positive .,NVDA,0.21990323352217783,0.29695322068849145,0.4831435457893307,0.2632403122671529,0.4831435457893307,positive,2023-11-29
2023-01-18,"Jpmorgan: Honkarakenne mainly exports large luxury log houses to Russia to be used as one-family houses or holiday homes ; 70 % of sales go to the Moscow region , about 20 % to the St Petersburg region , and the remainder to other locations .",JPM,0.18388268773916272,0.550303306671747,0.26581400558909024,0.08193131784992752,0.550303306671747,neutral,2023-01-18
2023-06-02,Goldman Sachs: Shares will be acquired in accordance with section 5 of the rules of NASDAQ OMX Helsinki and other rules applicable to the acquisition of own shares .,GS,0.0861847043401623,0.7913114544542998,0.12250384120553792,0.03631913686537562,0.7913114544542998,neutral,2023-06-02
2024-12-17,"Netflix: Under the rental agreement , Stockmann was committed to invest in the building of a bridge over the Gogol Street or build an underground tunnel for crossing the street by 2004 .",NFLX,0.09723660490667754,0.5247000600487829,0.3780633350445396,0.2808267301378621,0.5247000600487829,neutral,2024-12-17
2024-12-23,"Amazon: Currently Glaston employs approximately 1,500 persons .",AMZN,0.09319372379936919,0.8316875479587651,0.0751187282418656,-0.01807499555750358,0.8316875479587651,neutral,2024-12-23
2023-10-03,"Apple: The Committee proposes the following remuneration : a monthly remuneration of EUR 5,000 for the Chairman , EUR 3,500 for the Deputy Chairman , and EUR 2,500 for the other Board members .",AAPL,0.16257145040130214,0.5649003700976692,0.27252817950102853,0.1099567290997264,0.5649003700976692,neutral,2023-10-03
2024-08-12,"Microsoft: The development of the technological park , which will specialize in telecommunications and information technologies , is part of the state program for the formation of technoparks for hi-tech sectors in Russia .",MSFT,0.055671721390687504,0.8279029835968709,0.11642529501244163,0.060753573621754126,0.8279029835968709,neutral,2024-08-12
2024-06-10,"Goldman Sachs: 8,600 m , and at the time of investment it is fully leased to several tenants .",GS,0.13876145645249235,0.6114417393049959,0.24979680424251183,0.11103534779001947,0.6114417393049959,neutral,2024-06-10
2024-11-12,"Goldman Sachs: Operating loss totalled EUR 0.3 mn , down from a profit of EUR 5.1 mn in the first half of 2009 .",GS,0.9832131692402744,0.005906742071228729,0.010880088688496789,-0.9723330805517776,0.9832131692402744,negative,2024-11-12
2024-10-10,Meta Platforms: Return on investment was 16.6 % compared to 15.8 % in 2004 .,META,0.28486764639435697,0.2362293380991893,0.4789030155064538,0.19403536911209684,0.4789030155064538,positive,2024-10-10
2024-04-04,"Apple: Only L+Ænnen Tehtaat showed a loss , but it has only recently started streamlining measures .",AAPL,0.18859736699438417,0.4956517852759498,0.31575084772966605,0.12715348073528188,0.4956517852759498,neutral,2024-04-04
2023-10-16,"Apple: In addition to Russia , we now seek additional growth in Ukraine .",AAPL,0.07289966925266193,0.14084014619679963,0.7862601845505384,0.7133605152978765,0.7862601845505384,positive,2023-10-16
2024-04-03,"Amazon: Under the terms of the agreement , Bunge will acquire Raisio 's Keiju , Makuisa and Pyszny Duet brands and manufacturing plants in Finland and Poland .",AMZN,0.12510582800717035,0.5918731400606179,0.2830210319322117,0.15791520392504133,0.5918731400606179,neutral,2024-04-03
2023-08-22,"Google: As part of the reorganisation measures that will take place in spring 2006 , Tamglass Finton will start personnel negotiations that will affect its entire staff of 33 .",GOOGL,0.31183726056294786,0.5737945767438708,0.1143681626931814,-0.19746909786976646,0.5737945767438708,neutral,2023-08-22
2023-09-12,"Nvidia: Sonoco Products Co. , a U.S. packaging company , said Friday it bought the 75 percent of Italy 's Demolli Industria Cartaria SpA it did not already own .",NVDA,0.09246694438659384,0.621235898697093,0.28629715691631313,0.1938302125297193,0.621235898697093,neutral,2023-09-12
2024-03-20,"Meta Platforms: According to the Latvian business register , Uponor Latvia closed in red with LVL 99,000 EUR 139,538.17 USD 194,556.48 on turnover of LVL 2.346 mn for 2009 .",META,0.26790354368251723,0.46705935058865244,0.26503710572883027,-0.002866437953686962,0.46705935058865244,neutral,2024-03-20
2024-02-22,"Google: Also , a seven-year historic analysis is provided for these markets .",GOOGL,0.10411649373883994,0.7071879823155218,0.18869552394563827,0.08457903020679833,0.7071879823155218,neutral,2024-02-22
2024-02-29,Nvidia: The GyPSii mobile social networking application is available in China with both Chinese and English language support .,NVDA,0.047613829959662825,0.7052097130576132,0.247176456982724,0.19956262702306118,0.7052097130576132,neutral,2024-02-29
2023-10-09,Nvidia: Finnish Bore that is owned by the Rettig family has grown recently through the acquisition of smaller shipping companies .,NVDA,0.16733379035525642,0.4660625703574647,0.36660363928727896,0.19926984893202254,0.4660625703574647,neutral,2023-10-09
2023-10-26,"Amazon: With this acquisition the wireless modem unit and its approximately 1,100 employees were transferred to Renesas Electronics Corporation .",AMZN,0.1228833261905503,0.6082861871641368,0.26883048664531284,0.14594716045476253,0.6082861871641368,neutral,2023-10-26
2023-01-09,Jpmorgan: Stichting Pensioenfonds ABP : 4 118 122 shares representing 5.19 % of the share capital and voting rights .,JPM,0.0713815339507187,0.853301745531964,0.07531672051731714,0.003935186566598442,0.853301745531964,neutral,2023-01-09
2024-03-15,"Goldman Sachs: Finnish technology group Aspocomp Group Oyj ( OMX Helsinki : ACG1V ) issued its third quarter report on Thursday ( 13 November ) , posting an operating profit of EUR0 .4 m , as compared to a loss of EUR0 .5 m in the third quarter of 2007 .",GS,0.7017624179859959,0.09945529506931594,0.19878228694468802,-0.5029801310413079,0.7017624179859959,negative,2024-03-15
2024-02-26,Amazon: This combined with foreign investments creates interesting opportunities for Solteq .,AMZN,0.10594991901868608,0.4966047587061137,0.3974453222752001,0.291495403256514,0.4966047587061137,neutral,2024-02-26
2024-11-14,"Microsoft: Via the plant , the Belgian company will feed 8.4 MW of electricity into the distribution grid and will be able to deliver up to 14 MW of heat .",MSFT,0.06622135540044712,0.4965648652164572,0.43721377938309564,0.37099242398264853,0.4965648652164572,neutral,2024-11-14
2024-01-04,"Netflix: It currently employs about 750 people and expects headcount to reach 1,000 by end of 2007 .",NFLX,0.12621600718509493,0.6869514822148693,0.1868325106000357,0.060616503414940764,0.6869514822148693,neutral,2024-01-04
2023-12-08,Amazon: The group had an order book of EUR 7.74 mn at the end of 2007 .,AMZN,0.22564930319305096,0.4259945764248445,0.3483561203821046,0.12270681718905366,0.4259945764248445,neutral,2023-12-08
2023-02-20,Tesla: A new Kveyt light variety of Suomalainen Pekoni marketed under the Atria brand name is now available to consumers in Finland .,TSLA,0.08917931525961577,0.739031033300188,0.17178965144019614,0.08261033618058038,0.739031033300188,neutral,2023-02-20
2023-05-24,"Amazon: POYRY PLCCompany Announcement 10 December 2010 at 4.10 p.m. Pursuant to Poyry PLC 's stock option program 2004 , 63 792 new shares of the company have been subscribed since 27 October 2010 with stock options 2004B .",AMZN,0.11839737793444118,0.5732882714999354,0.3083143505656233,0.18991697263118212,0.5732882714999354,neutral,2023-05-24
2023-09-05,Nvidia: The contract involves refurbishing the bathrooms of 189 units as well as re-plumbing their water and sewer pipes .,NVDA,0.10640662248111216,0.7163026351334761,0.17729074238541162,0.07088411990429946,0.7163026351334761,neutral,2023-09-05
2023-10-03,Tesla: Finnish and Swedish construction markets are still experiencing an estimated 4 % annual growth in 2008 .,TSLA,0.13245345925143864,0.2865134448736708,0.5810330958748906,0.44857963662345196,0.5810330958748906,positive,2023-10-03
2023-09-22,"Google: ALEXANDRIA , Va. , Nov. 19 -- Erkki Aho , Elimaki , Finland , has developed a method and apparatus in conjunction with a shoe press .",GOOGL,0.09578902697473356,0.6930636696450885,0.21114730338017793,0.11535827640544437,0.6930636696450885,neutral,2023-09-22
2023-10-16,Netflix: The company did not disclose the price of the acquisition .,NFLX,0.06444416859483851,0.743905337279206,0.19165049412595525,0.12720632553111674,0.743905337279206,neutral,2023-10-16
2024-07-16,Jpmorgan: Temporary layoffs in these units have already started .,JPM,0.41329572003232834,0.3850588049684881,0.20164547499918362,-0.21165024503314472,0.41329572003232834,negative,2024-07-16
2023-04-06,Jpmorgan: RISING costs have forced packaging producer Huhtamaki to axe 90 jobs at its Hampshire manufacturing plant .,JPM,0.3456877391968393,0.300549132705398,0.3537631280977626,0.008075388900923297,0.3537631280977626,positive,2023-04-06
2023-08-31,"Google: Finnair PLC carried a record 8.8 million passengers in 2006 , an increase of 3.5 percent on the previous year , the Finnish national carrier reported Tuesday .",GOOGL,0.12792966989334886,0.15986835296069468,0.7122019771459563,0.5842723072526075,0.7122019771459563,positive,2023-08-31
2023-05-01,"Apple: HK Ruokatalo produces many turkey products , such as cold cuts .",AAPL,0.2064304642834833,0.509757840265473,0.2838116954510437,0.07738123116756038,0.509757840265473,neutral,2023-05-01
2023-08-14,Tesla: Finnish Bank of +_land reports its operating profit fell to EUR 4.9 mn in the third quarter of 2007 from EUR 5.6 mn in the third quarter of 2006 .,TSLA,0.8796124389883387,0.01973810529263458,0.10064945571902677,-0.778962983269312,0.8796124389883387,negative,2023-08-14
2024-05-15,Netflix: It will focus on improving its profitability next year by streamlining operations .,NFLX,0.12956092389296953,0.28870426074795047,0.58173481535908,0.4521738914661105,0.58173481535908,positive,2024-05-15
2023-02-03,Nvidia: The investment will be worth approximately EUR 100mn .,NVDA,0.031731206861559884,0.8907228749357587,0.07754591820268132,0.04581471134112144,0.8907228749357587,neutral,2023-02-03
2023-09-06,Goldman Sachs: In addition the deal includes a call option which will enable Maritim Food AS to increase its holding in Sandanger AS to 51 % in the future .,GS,0.09920078753765353,0.4480318026394794,0.4527674098228672,0.3535666222852136,0.4527674098228672,positive,2023-09-06
2023-01-18,"Meta Platforms: In the survey , Goodyear is the third most valued tyre brand , followed by Continental and Bridgestone .",META,0.1819985197102146,0.5752206878880494,0.2427807924017361,0.060782272691521505,0.5752206878880494,neutral,2023-01-18
2024-11-28,"Microsoft: Profit before taxes amounted to EUR 56.5 mn , down from EUR 232.9 mn a year ago .",MSFT,0.8914421422761493,0.017166656398707156,0.09139120132514367,-0.8000509409510056,0.8914421422761493,negative,2024-11-28
2024-06-14,Jpmorgan: It also turned to earnings per share ( EPS ) of EUR 0.08 versus loss per share of EUR 0.04 .,JPM,0.2215114049583937,0.15047644156336504,0.6280121534782412,0.4065007485198475,0.6280121534782412,positive,2024-06-14
2023-06-28,Goldman Sachs: The reductions will be implemented mainly in the course of the first half of 2009 .,GS,0.40369113572726806,0.45564731913012163,0.14066154514261037,-0.2630295905846577,0.45564731913012163,neutral,2023-06-28
2023-05-25,Nvidia: 20 October 2010 - Finnish metal products company Componenta Oyj HEL : CTH1V said yesterday that its net loss narrowed to EUR7m for the first nine months of 2010 from EUR23 .3 m for the same period of 2009 .,NVDA,0.12057401281135545,0.04958324357670355,0.829842743611941,0.7092687308005855,0.829842743611941,positive,2023-05-25
2023-03-14,"Apple: According to Swedish authorities , traces of the very toxic osmium tetroxide have been found on the coast of Per+Æmeri , the Northernmost part of the Gulf of Bothnia .",AAPL,0.17719723304521529,0.5455428420566768,0.27725992489810786,0.10006269185289257,0.5455428420566768,neutral,2023-03-14
2023-12-12,"Meta Platforms: Aldata Solution Oyj Stock Exchange Release 11 August 2006 , at 11.00 am ALDATA SHARES SUBSCRIBED FOR WITH 2003 STOCK OPTIONS A total of 95,000 new shares of Aldata Solution Oyj have been subscribed for with the company 's 2003A stock options .",META,0.152924251837239,0.6551395410978877,0.19193620706487316,0.03901195522763415,0.6551395410978877,neutral,2023-12-12
2024-07-04,"Netflix: The prosecutor is also demanding Outokumpu pay a fine of EUR 800,000 at most .",NFLX,0.13153307676172932,0.6703889249056312,0.1980779983326396,0.06654492157091027,0.6703889249056312,neutral,2024-07-04
2024-03-01,"Nvidia: An estimated 30 pct of mobile calls are made from the home , and France Telecom hopes that 15 pct of its Orange clients will sign up for the service by the end of 2008 .",NVDA,0.14062254959895293,0.40682659491611245,0.4525508554849347,0.31192830588598175,0.4525508554849347,positive,2024-03-01
2024-10-04,"Meta Platforms: In the end , Sanoma News wants to secure its foundation with the savings .",META,0.1295809415233857,0.5204034212969177,0.35001563717969647,0.22043469565631077,0.5204034212969177,neutral,2024-10-04
2023-09-08,Apple: Pharmaceuticals - Italy This brand-new market analysis gives a clear overview of the actual situation and future outlook of the pharmaceutical market in Italy .,AAPL,0.101406610056157,0.7622532483722227,0.13634014157162033,0.03493353151546333,0.7622532483722227,neutral,2023-09-08
2023-07-24,Meta Platforms: The measures result from weak demand in the shipbuilding industry .,META,0.470757360002264,0.15072327914426537,0.37851936085347077,-0.09223799914879321,0.470757360002264,negative,2023-07-24
2023-12-15,"Meta Platforms: The employer-employee talks concerned about 500 people , that is , the whole staff in Finland .",META,0.46759052875693824,0.4612222399731164,0.07118723126994536,-0.3964032974869929,0.46759052875693824,negative,2023-12-15
2023-05-29,Nvidia: `` I warmly welcome Michael Frei to Outotec .,NVDA,0.11637496376657301,0.45380836888631243,0.4298166673471147,0.3134417035805417,0.45380836888631243,neutral,2023-05-29
2024-12-13,Meta Platforms: We are also pleased to welcome the new employees to Tieto . ',META,0.09028720224852999,0.2159636489879508,0.6937491487635191,0.6034619465149891,0.6937491487635191,positive,2024-12-13
2023-05-16,Goldman Sachs: Finnish forest machinery manufacturer Ponsse has issued a profit warning .,GS,0.5362241368110371,0.1853086494297259,0.2784672137592369,-0.2577569230518002,0.5362241368110371,negative,2023-05-16
2023-12-15,"Goldman Sachs: The change in holdings in accordance with Chapter 2 , Section 9 of the Finnish Securities Markets Act is described below .",GS,0.1490082590717366,0.6802619455755504,0.17072979535271296,0.021721536280976367,0.6802619455755504,neutral,2023-12-15
2024-01-17,Nvidia: In 2005 the bank posted a net profit of Lt 8.2 mn .,NVDA,0.5996350561955285,0.17340373318802252,0.22696121061644908,-0.3726738455790794,0.5996350561955285,negative,2024-01-17
2023-02-10,Microsoft: The groups 's turnover for the full fiscal year is expected to show a slight increase from the previous fiscal year .,MSFT,0.11655115876970716,0.1847958566958126,0.6986529845344801,0.582101825764773,0.6986529845344801,positive,2023-02-10
2023-12-08,Microsoft: Componenta increased its stake in Turkish steel company Doktas Dokumculuk Ticaret ve Sanayi A.S. to 92.6 pct stake in March 2007 .,MSFT,0.11894940478448651,0.44479750643297833,0.43625308878253527,0.31730368399804876,0.44479750643297833,neutral,2023-12-08
2023-11-29,"Amazon: Founded in 1923 , Finnair is one of the world 's oldest airlines and flies to 60 destinations with a fleet of 63 aircraft , employing 9,500 people .",AMZN,0.08643208437296572,0.6132779434608673,0.30028997216616704,0.2138578877932013,0.6132779434608673,neutral,2023-11-29
2023-07-10,Apple: The agreement with JM is one in a series of contracts that TeliaSonera has signed in recent months with residential construction and real estate management companies in Sweden .,AAPL,0.07624986325142762,0.24025904775986676,0.6834910889887057,0.6072412257372781,0.6834910889887057,positive,2023-07-10
2023-04-04,"Goldman Sachs: Sampo Bank 's market share of lending was 13.6 % , down from 14.4 % in the first quarter of 2008 .",GS,0.7874159375925036,0.11386214777227668,0.09872191463521969,-0.6886940229572839,0.7874159375925036,negative,2023-04-04
2023-02-02,"Jpmorgan: Net sales surged by 18.5 % to EUR167 .8 m. Teleste said that EUR20 .4 m , or 12.2 % , of the sales came from the acquisitions made in 2009 .",JPM,0.21032613078446777,0.2283790668783757,0.5612948023371565,0.3509686715526887,0.5612948023371565,positive,2023-02-02
2023-01-06,Goldman Sachs: The company does not disclose the sum it applied for .,GS,0.13496202086075992,0.7381006617211163,0.12693731741812378,-0.008024703442636144,0.7381006617211163,neutral,2023-01-06
2023-12-19,Apple: The terms and conditions of the year 2003 stock option scheme were published in a stock exchange release on 31 March 2003 .,AAPL,0.27567030853311064,0.5489250715839292,0.17540461988296016,-0.10026568865015048,0.5489250715839292,neutral,2023-12-19
2023-03-07,"Nvidia: Together with Latvia , Cramo will operate 54 rental outlets in the Baltic States .",NVDA,0.1403198081926088,0.5156813754192675,0.34399881638812363,0.20367900819551482,0.5156813754192675,neutral,2023-03-07
2024-12-02,"Netflix: treatment products in Usa , Canada , Mexico , Australia and Brazil Today , Global Research & Data Services is going to publish several market analyses about the markets for water treatment products in some selected countries .",NFLX,0.1007425430624848,0.521832394073819,0.37742506286369626,0.27668251980121145,0.521832394073819,neutral,2024-12-02
2023-06-28,Microsoft: The company intends to raise production capacity in 2006 .,MSFT,0.10372563086957895,0.38155294517374,0.5147214239566811,0.4109957930871021,0.5147214239566811,positive,2023-06-28
2024-04-22,"Meta Platforms: Strongest growth was seen in the new markets in Russia , the Czech Republic , and Slovakia .",META,0.0713749178197165,0.4343015810827938,0.49432350109748957,0.42294858327777307,0.49432350109748957,positive,2024-04-22
2024-05-07,Netflix: ZAO YIT Moskovia builds housing in Moscow and its surrounding cities .,NFLX,0.12451156148204036,0.4464490357933102,0.42903940272464935,0.304527841242609,0.4464490357933102,neutral,2024-05-07
2023-12-28,Nvidia: No financial detail were available .,NVDA,0.06684614885691681,0.8374008416974924,0.09575300944559066,0.028906860588673852,0.8374008416974924,neutral,2023-12-28
2024-10-08,"Nvidia: The contract covers the supply of temporary heating equipment for LKAB 's new pellet plant in Kiruna , in northern Sweden .",NVDA,0.10593549555057241,0.4178339058347637,0.47623059861466377,0.37029510306409136,0.47623059861466377,positive,2024-10-08
2023-03-22,Nvidia: FINANCING OF ASPOCOMP 'S GROWTH Aspocomp is aggressively pursuing its growth strategy by increasingly focusing on technologically more demanding HDI printed circuit boards PCBs .,NVDA,0.09009759925714683,0.44892796153483766,0.4609744392080155,0.3708768399508687,0.4609744392080155,positive,2023-03-22
2023-06-21,"Apple: Den Bosch-based TomTom is Europe 's largest maker of automotive navigation devices , while Cayman Islands-based Garmin is larger in the U.S. and overall .",AAPL,0.20524161782768469,0.5254522093128201,0.26930617285949526,0.06406455503181058,0.5254522093128201,neutral,2023-06-21
2023-07-04,Nvidia: The company says it is difficult to estimate the market situation for the whole year 2009 .,NVDA,0.49069799287581956,0.3103333678653185,0.19896863925886213,-0.2917293536169574,0.49069799287581956,negative,2023-07-04
2023-04-10,"Goldman Sachs: ( ADPnews ) - Dec 30 , 2009 - Finnish investment group Neomarkka Oyj ( HEL : NEMBV ) said today that it will furlough employee in its unit Reka Cables Ltd for less than 90 days , starting in January 2010 .",GS,0.46082046500873325,0.28550679115166533,0.25367274383960153,-0.20714772116913172,0.46082046500873325,negative,2023-04-10
2023-08-03,"Meta Platforms: Initial estimated total value of the contract was 250 000 Euros , excluding VAT .",META,0.10618089466068663,0.7286669692700657,0.16515213606924764,0.05897124140856101,0.7286669692700657,neutral,2023-08-03
2023-08-17,Netflix: Finnish aluminium products manufacturer Nordic Aluminium Plc ( OMX Helsinki : NOA1V ) reported on Monday ( 18 August ) an operating profit of EUR7 .9 m on net sales of EUR55 .2 m for the period January-June 2008 .,NFLX,0.29153693669611497,0.4913178496705004,0.21714521363338476,-0.0743917230627302,0.4913178496705004,neutral,2023-08-17
2024-07-12,"Goldman Sachs: At this growth rate , paying off the national debt will be extremely painful .",GS,0.21443630450404133,0.41705211078174237,0.3685115847142163,0.15407528021017497,0.41705211078174237,neutral,2024-07-12
2023-08-09,Netflix: More staff has been recruited in Japan to further complement its network of close to 50 service locations in more than 20 countries worldwide .,NFLX,0.3009997262365022,0.15592910888602737,0.5430711648774704,0.24207143864096825,0.5430711648774704,positive,2023-08-09
2024-10-02,Microsoft: Expense ratio was 102.6 % compared to 92.9 % in the corresponding period in 2005 .,MSFT,0.4787508861579502,0.0901926566008751,0.4310564572411747,-0.0476944289167755,0.4787508861579502,negative,2024-10-02
2024-07-18,Microsoft: Pharmaceuticals - Poland This brand-new market analysis gives a clear overview of the actual situation and future outlook of the pharmaceutical market in Poland .,MSFT,0.08766079103532141,0.7638117531325064,0.14852745583217236,0.06086666479685095,0.7638117531325064,neutral,2024-07-18
2024-10-21,Goldman Sachs: Bioheapleaching makes extraction of metals from low grade ore economically viable .,GS,0.26576734408787545,0.45288902870489706,0.2813436272072276,0.015576283119352163,0.45288902870489706,neutral,2024-10-21
2023-03-17,Microsoft: The order for plywood mill machinery and equipment announced by Finnish Raute in September 2006 will be delivered to Thebault Plyland in France .,MSFT,0.1169238332484498,0.6357927057360063,0.24728346101554385,0.13035962776709406,0.6357927057360063,neutral,2023-03-17
2024-12-19,"Nvidia: `` We reached agreement with the union that flights will continue as normal , '' Finnair spokesman Usko Maatta said .",NVDA,0.21429168978580165,0.13513064563034954,0.6505776645838488,0.43628597479804715,0.6505776645838488,positive,2024-12-19
2024-03-25,"Meta Platforms: The share capital of Alma Media Corporation business ID 1944757-4 is EUR 44,767,513.80 and it is divided into 74,612,523 shares .",META,0.032944235486173215,0.8733925613337586,0.09366320318006818,0.06071896769389497,0.8733925613337586,neutral,2024-03-25
2024-12-18,"Goldman Sachs: Due to rapid expansion , the market share of Tallink in terms of passenger carriage through Tallinna Sadam Port of Tallinn totaled 55 percent in November against 45.7 percent in November 2005 .",GS,0.5271587316145004,0.2426059272484147,0.2302353411370848,-0.29692339047741567,0.5271587316145004,negative,2024-12-18
2023-09-18,"Netflix: The decision to sell a share in Lenenergo was reached in line with Fortum 's strategic plans to invest mainly in generating assets in Russia , while Lenenergo is a grid company , the press release said .",NFLX,0.09457071966667327,0.5671051966141665,0.3383240837191602,0.2437533640524869,0.5671051966141665,neutral,2023-09-18
2024-11-27,"Netflix: Svyturys-Utenos Alus , which is controlled by the Nordic group Baltic Beverages Holding ( BBH ) , posted a 4.7-per-cent growth in beer sales for January-May to 46.22 million litres .",NFLX,0.1745084155415964,0.3952567276446888,0.4302348568137149,0.2557264412721185,0.4302348568137149,positive,2024-11-27
2024-03-06,"Apple: Viking Line has also been forced to alter its timetable so that ferries traveling from Stockholm to Helsinki , Finland , only depart at night .",AAPL,0.3976257520368416,0.16007032755888714,0.44230392040427124,0.04467816836742966,0.44230392040427124,positive,2024-03-06
2023-02-22,Jpmorgan: The value of the multi-year agreement is over EUR 2mn a year .,JPM,0.12234098368301692,0.5256860593862275,0.35197295693075564,0.2296319732477387,0.5256860593862275,neutral,2023-02-22
2023-10-27,Goldman Sachs: Diluted earnings per share ( EPS ) rose to EUR 3.68 from EUR 0.50 .,GS,0.23168432519576518,0.0587496775105613,0.7095659972936735,0.4778816720979083,0.7095659972936735,positive,2023-10-27
2023-04-11,"Meta Platforms: Viking Line 's cargo revenue increased by 5.4 % to EUR 21.46 mn , and cargo volume increased by 2.4 % to 70,116 cargo units .",META,0.10634578577960002,0.07200846358518462,0.8216457506352153,0.7152999648556153,0.8216457506352153,positive,2023-04-11
2024-11-19,"Goldman Sachs: The company will pay a dividend of EUR 0.50 per share , a total of EUR 14mn .",GS,0.24621990770502347,0.5370244678156795,0.21675562447929705,-0.029464283225726418,0.5370244678156795,neutral,2024-11-19
2023-08-10,"Goldman Sachs: Finnish IT consultancy Satama Interactive Oyj posted a net profit of 1.4 mln euro $ 2.0 mln for the first nine months of 2007 , compared to a net loss of 462,000 euro $ 664,000 for the same period of 2006 .",GS,0.5687967791588888,0.08754328555681243,0.3436599352842987,-0.2251368438745901,0.5687967791588888,negative,2023-08-10
2023-06-13,"Amazon: Meanwhile , Nokia said that it will be able to deliver a complete range of services from deployment operations to consulting and integration to managed services as a result of the buyout .",AMZN,0.164501607965258,0.36672571527154485,0.4687726767631972,0.3042710687979392,0.4687726767631972,positive,2023-06-13
2024-02-08,"Nvidia: In January-September 2007 , the group 's net sales from continuing operations rose to EUR 213.1 mn from EUR 172.6 mn in the corresponding period in 2006 .",NVDA,0.191363081153307,0.03789392395223398,0.770742994894459,0.5793799137411519,0.770742994894459,positive,2024-02-08
2023-11-07,Amazon: Uponor improved its performance in spite of the decrease in residential construction in the US .,AMZN,0.3921111759862733,0.17035691409417544,0.43753190991955115,0.045420733933277835,0.43753190991955115,positive,2023-11-07
2023-03-13,"Microsoft: `` Lining stone sales were also good in the early autumn , and order books are strong to the end of the year .",MSFT,0.11932183087105216,0.2178339819383634,0.6628441871905844,0.5435223563195322,0.6628441871905844,positive,2023-03-13
2024-08-20,Apple: Self-service and automation are in a bigger role now and Fujitsu 's global resources will be exploited effectively .,AAPL,0.07866080345912765,0.6883654117277341,0.23297378481313832,0.15431298135401067,0.6883654117277341,neutral,2024-08-20
2024-09-10,"Apple: Cash flow from operations totalled EUR 7.4 mn , compared to a negative EUR 68.6 mn in the second quarter of 2008 .",AAPL,0.47831166739039327,0.0310898664774495,0.49059846613215724,0.012286798741763971,0.49059846613215724,positive,2024-09-10
2024-06-26,Meta Platforms: Earnings per share ( EPS ) amounted to a loss of EUR0 .05 .,META,0.6130455854392787,0.13443905626882569,0.2525153582918956,-0.3605302271473831,0.6130455854392787,negative,2024-06-26
2024-03-26,Google: The aim is to increase sales by at least one fifth in 2006 .,GOOGL,0.05456495435269278,0.1592266735256268,0.7862083721216804,0.7316434177689876,0.7862083721216804,positive,2024-03-26
2023-10-23,"Google: Basware Corporation stock exchange release August 31 , 2010 at 16:25 Basware signed a large deal with an international industrial group Basware will deliver Invoice Automation solution and Connectivity Services to an international industrial group .",GOOGL,0.0756613245369556,0.4801932487502749,0.4441454267127695,0.36848410217581395,0.4801932487502749,neutral,2023-10-23
2024-02-01,"Jpmorgan: Order intake grew by 40 % year-on-year and 30 % year-on-year , respectively , to EUR 576 million and EUR 1.7 billion for the respective January-September and July-September 2010 periods .",JPM,0.14556998321471581,0.0751685004518111,0.7792615163334731,0.6336915331187573,0.7792615163334731,positive,2024-02-01
2024-01-16,Google: Viking Line and STX Finland said on Monday that there were plans to build a 240 million euro ferry that would be launched on the Turku-Stockholm route in spring 2013 .,GOOGL,0.3124710393239721,0.43036614319484695,0.25716281748118086,-0.055308221842791216,0.43036614319484695,neutral,2024-01-16
2023-05-02,Meta Platforms: Profit for the period fell to EUR 1.6 mn from EUR 7.5 mn in January-September 2008 .,META,0.8766625542582364,0.016954714323145575,0.10638273141861808,-0.7702798228396183,0.8766625542582364,negative,2023-05-02
2023-03-01,Nvidia: Rosen was cautious about being too optimistic inregard to the second half of the year .,NVDA,0.5493816714339866,0.169236246806711,0.28138208175930235,-0.2679995896746843,0.5493816714339866,negative,2023-03-01
2023-07-05,"Goldman Sachs: In Q1 of 2010 , Bank of +_land 's net interest income increased from EUR 9.1 mn to EUR 9.7 mn .",GS,0.24298803187870802,0.0759752760032979,0.6810366921179941,0.4380486602392861,0.6810366921179941,positive,2023-07-05
2023-11-29,Amazon: Le Lay succeeds Walter G++nter and will be based in Finland .,AMZN,0.34864709082372336,0.563056574243425,0.08829633493285163,-0.26035075589087175,0.563056574243425,neutral,2023-11-29
2023-04-27,"Apple: In the Asia-Pacific region , Visa Wave is available in Malaysia , Taiwan and South Korea and will be expanded to Japan and Southeast Asia this year , Jung added .",AAPL,0.1120781288679384,0.553529149457684,0.3343927216743776,0.22231459280643923,0.553529149457684,neutral,2023-04-27
2023-03-20,"Goldman Sachs: ADP News - Jan 13 , 2009 - Finnish industrial and environmental measurement equipment maker Vaisala Oyj OMX : VAIAS said yesterday it will develop an operational reference radiosonde for climate change observations .",GS,0.255497455771514,0.3251898925410107,0.4193126516874752,0.16381519591596122,0.4193126516874752,positive,2023-03-20
2024-09-13,"Jpmorgan: Country : , Switzerland Sector : Pharmaceuticals Target : Synosia Therapeutics Holding AG Buyer : Biotie Therapies Corp Deal size in USD : 129.4 m Type : Corporate acquisition Financing : All-stock Status : Closed",JPM,0.13139168256439626,0.6353097995248563,0.2332985179107473,0.10190683534635103,0.6353097995248563,neutral,2024-09-13
2023-10-02,Nvidia: The share subscription period for C options will commence on 1 September 2008 and expire on 31 March 2011 .,NVDA,0.1988244700129883,0.6322427840415721,0.16893274594543958,-0.029891724067548725,0.6322427840415721,neutral,2023-10-02
2024-03-01,"Apple: And the broker repeated its ` buy ' rating , based on expectations that current restructuring will lead to a clear improvement in performance in Europe in 2007 .",AAPL,0.20380644198097286,0.28039407787508314,0.5157994801439441,0.3119930381629712,0.5157994801439441,positive,2024-03-01
2024-01-18,"Nvidia: Under the agreement Benefon 's forthcoming range of TWIG integrated GPS navigation and mobile phone devices will use the jointly developed web-based tracking and location technology , in both consumer and commercial applications .",NVDA,0.040210110472676426,0.682929670594468,0.27686021893285556,0.23665010846017914,0.682929670594468,neutral,2024-01-18
2024-06-20,Microsoft: The office space will rise above the remodeled Cannon Street underground station .,MSFT,0.09109796041207581,0.5727860373808217,0.33611600220710247,0.24501804179502668,0.5727860373808217,neutral,2024-06-20
2024-06-25,Nvidia: Kone 's net sales rose by some 14 % year-on-year in the first nine months of 2008 .,NVDA,0.17762951915119543,0.032604056169323124,0.7897664246794814,0.612136905528286,0.7897664246794814,positive,2024-06-25
2023-08-04,"Jpmorgan: Trading in the new shares , which have right to dividends and other distributions of funds , will start on the exchange in Helsinki tomorrow .",JPM,0.11768496184265577,0.7505902076170738,0.13172483054027037,0.014039868697614602,0.7505902076170738,neutral,2023-08-04
2024-09-11,"Google: Arto Ryymin , born 1964 , will replace Juhani Kaisanlahti who has worked as acting EVP , Healthcare & Welfare since August 2007 .",GOOGL,0.13942338531047763,0.6661018695749494,0.19447474511457294,0.05505135980409531,0.6661018695749494,neutral,2024-09-11
2023-09-28,"Netflix: Nokia will continue to invest in future development of Qt , and Digia will be responsible for commercial licensing and services business .",NFLX,0.05109547734194256,0.7431585570063397,0.20574596565171777,0.1546504883097752,0.7431585570063397,neutral,2023-09-28
2024-09-02,"Jpmorgan: At this stage , a maximum of 60,000 Tulikivi Series A shares will be acquired , representing about 0.16 per cent of the company -“ s shares outstanding .",JPM,0.1760977818882863,0.7261168123931252,0.09778540571858847,-0.07831237616969781,0.7261168123931252,neutral,2024-09-02
2023-10-24,Meta Platforms: Elektrobit ( EB ) has renewed its IT infrastructure contract with ICT services provider Fujitsu Services for EB 's Patja service .,META,0.08154808178080392,0.3684571547494201,0.5499947634697759,0.468446681688972,0.5499947634697759,positive,2023-10-24
2023-03-22,Google: The project also implies an underground parking lot for 56 vehicles .,GOOGL,0.06935232817120071,0.6628208226126566,0.2678268492161427,0.19847452104494198,0.6628208226126566,neutral,2023-03-22
2024-07-09,Nvidia: Vacon recently announced plans to build its North American headquarters at 5 Business Park in Chambersburg .,NVDA,0.11572794378474907,0.4931552305389961,0.39111682567625483,0.2753888818915058,0.4931552305389961,neutral,2024-07-09
2023-01-23,"Nvidia: Kemira will supply the additional volumes of iron coagulants from the company 's plant at Helsingborg , Sweden .",NVDA,0.15455131794187915,0.40490438647201876,0.44054429558610214,0.285992977644223,0.44054429558610214,positive,2023-01-23
2024-07-18,"Meta Platforms: Metsa-Botnia will finance the payment of dividends , the repayment of capital and the repurchase of its own shares with the funds deriving from its divestment of the Uruguay operations , and shares in Pohjolan Voima , and by utilising its existing financing facilities .",META,0.15030525158653557,0.6367750957551879,0.21291965265827661,0.06261440107174104,0.6367750957551879,neutral,2024-07-18
2023-02-01,"Nvidia: ADP News - Feb 25 , 2009 - Finnish printed circuit board PCB maker Aspocomp Group Oyj HEL : ACG1V said today it swung to a net profit of EUR 300,000 USD 385,000 for 2008 versus a net loss of EUR 65.3 million",NVDA,0.5525236121174653,0.13027693777834,0.3171994501041947,-0.23532416201327055,0.5525236121174653,negative,2023-02-01
2023-05-31,Nvidia: The company has committed to further expanding the Apollo portfolio .,NVDA,0.1540953943654994,0.34763765472460123,0.49826695090989925,0.34417155654439985,0.49826695090989925,positive,2023-05-31
2024-03-15,Microsoft: The increase range will vary up to 10 % .,MSFT,0.04724984005392494,0.32573595669932004,0.627014203246755,0.5797643631928301,0.627014203246755,positive,2024-03-15
2024-11-19,"Goldman Sachs: Finnish consulting and engineering group Poyry Plc ( OMX Helsinki : POY ) said on Wednesday ( 1 October ) that it has been awarded a contract by Tanqia Dibba FZC as owner-engineer for the wastewater system of Dibba , Emirate of Fujairah , UAE .",GS,0.1881905202104912,0.22141813831551888,0.5903913414739899,0.40220082126349865,0.5903913414739899,positive,2024-11-19
2023-10-26,"Amazon: The metal has gained 41 percent this year as demand from China , the world 's largest user , increased .",AMZN,0.08307331095135108,0.05992833032219444,0.8569983587264545,0.7739250477751034,0.8569983587264545,positive,2023-10-26
2023-03-29,Jpmorgan: The serial bond is part of the plan to refinance the short-term credit facility .,JPM,0.08088475908879,0.7595895876992979,0.1595256532119122,0.0786408941231222,0.7595895876992979,neutral,2023-03-29
2023-06-20,Amazon: The Company turnover amounted to MEUR 27.9 in 2007 .,AMZN,0.18143647797470513,0.5748622236942806,0.24370129833101414,0.06226482035630901,0.5748622236942806,neutral,2023-06-20
2024-10-16,"Apple: The Apple Inc. iPhone wo n't change the game plan for Verizon Communications Inc. , Chief Executive Ivan Seidenberg said Wednesday .",AAPL,0.2237557924459684,0.3598690063561415,0.4163752011978901,0.1926194087519217,0.4163752011978901,positive,2024-10-16
2024-06-14,"Tesla: Asimilar agreement was signed between China Mobile Ltd. ( SEHK : 0941 and NYSE : CHL ) , the largest mobile carrier , and theGPS and social networking service provider , promoting GyPSii service before Beijing 2008 Olympic Games , according to thelatest news .",TSLA,0.08329850510842028,0.3991980011774621,0.5175034937141176,0.43420498860569734,0.5175034937141176,positive,2024-06-14
2023-03-15,"Nvidia: The company can not give up palm oil altogether , however .",NVDA,0.1214270105470351,0.5895070598140846,0.28906592963888034,0.16763891909184525,0.5895070598140846,neutral,2023-03-15
2023-10-09,"Jpmorgan: In Finland , the Bank of +_land reports its operating profit fell to EUR 6.1 mn in the second quarter of 2008 from EUR 7.5 mn in the second quarter of 2007 .",JPM,0.88627750955098,0.01602366641391926,0.09769882403510091,-0.7885786855158791,0.88627750955098,negative,2023-10-09
2023-07-13,"Apple: Stockmann and Swedish sector company AB Lindex entered into an agreement on September 30 , 2007 , whereby Stockmann , or a wholly-owned subsidiary of it , will make a public tender offer for all of Lindex 's issued shares .",AAPL,0.08979563311149043,0.5493592967479517,0.3608450701405579,0.2710494370290675,0.5493592967479517,neutral,2023-07-13
2023-05-10,Tesla: TietoEnator signed an agreement to acquire Indian research and development ( R&D ) services provider and turnkey software solutions developer Fortuna Technologies Pvt. Ltd. for 21 mln euro ( $ 30.3 mln ) in September 2007 .,TSLA,0.06740307881157348,0.20021497306776623,0.7323819481206603,0.6649788693090868,0.7323819481206603,positive,2023-05-10
2024-09-10,Netflix: Ruukki is restructuring commercial and industrial construction operations in pursuit of permanent improvements whilst adjusting operations to market conditions .,NFLX,0.12448442622547352,0.6683388271655171,0.20717674660900934,0.08269232038353581,0.6683388271655171,neutral,2024-09-10
2024-03-27,"Google: Cargotec 's brands , Hiab , Kalmar and MacGREGOR , are global market leaders in their fields and their solutions are used on land and at sea - wherever cargo is on the move .",GOOGL,0.12525778707224466,0.6728199856005591,0.20192222732719622,0.07666444025495156,0.6728199856005591,neutral,2024-03-27
2023-05-11,Amazon: It has several innovative small molecule and biological drug candidates at different stages of clinical development .,AMZN,0.12484673373937225,0.5831113858039545,0.29204188045667323,0.16719514671730099,0.5831113858039545,neutral,2023-05-11
2024-04-19,"Google: In the first quarter of 2010 , the mark-to-market result was a pretax profit of EUR 133 million versus a loss of EUR 32 million in the same period last year .",GOOGL,0.5680170759248558,0.038319087471016165,0.39366383660412807,-0.17435323932072777,0.5680170759248558,negative,2024-04-19
2023-10-30,"Jpmorgan: Agricultural newspaper Maaseudun Tulevaisuus had 318,000 readers , representing a decrease of 6 % .",JPM,0.34586685273291307,0.46461820323254277,0.18951494403454414,-0.15635190869836893,0.46461820323254277,neutral,2023-10-30
2023-02-15,Microsoft: The total value of the contract is some EUR 8 million .,MSFT,0.0677179330533846,0.8308018990225595,0.10148016792405593,0.03376223487067133,0.8308018990225595,neutral,2023-02-15
2023-11-24,"Meta Platforms: Ragutis , which is controlled by the Finnish brewery , reported a 5.4-per-cent rise in beer sales to 10.44 million litres and held an 11.09-per-cent market share .",META,0.2506749111422767,0.4185737104398486,0.3307513784178748,0.08007646727559808,0.4185737104398486,neutral,2023-11-24
2023-05-16,Goldman Sachs: The number of magazine and newspaper readers remained unchanged .,GS,0.30375501696056645,0.4898404287501981,0.20640455428923532,-0.09735046267133113,0.4898404287501981,neutral,2023-05-16
2023-06-29,Google: com and possibly also through photo-msn .,GOOGL,0.061712442420531366,0.7240681851155073,0.2142193724639614,0.15250693004343002,0.7240681851155073,neutral,2023-06-29
2024-10-03,Amazon: The growth of net sales has continued favourably in the Middle East and Africaand in Asia Pacific .,AMZN,0.10506689372938686,0.28637805729648425,0.6085550489741289,0.5034881552447421,0.6085550489741289,positive,2024-10-03
2024-06-03,"Apple: Operating loss totalled EUR 4.0 mn , compared to a profit of EUR 8.6 mn in the second quarter of 2008 .",AAPL,0.8928519114254932,0.01441493732010026,0.09273315125440657,-0.8001187601710866,0.8928519114254932,negative,2024-06-03
2023-04-07,"Microsoft: Elisa said mobile subscriptions grew 7 percent during 2007 , mainly because of customers adopting so-called third generation mobile technology .",MSFT,0.15006546292912962,0.3380788629154052,0.5118556741554653,0.3617902112263357,0.5118556741554653,positive,2023-04-07
2024-09-13,Netflix: No financial details of the deployment were disclosed .,NFLX,0.05241422660843756,0.8741071120605142,0.07347866133104827,0.021064434722610714,0.8741071120605142,neutral,2024-09-13
2024-02-23,Google: Finnish media company Talentum Oyj 's net profit decreased to 2.5 mln euro ( $ 4.0 mln ) for the first quarter of 2008 from 3.0 mln euro ( $ 4.7 mln ) for the same period of 2007 .,GOOGL,0.8654110207591342,0.05285682681500107,0.08173215242586472,-0.7836788683332695,0.8654110207591342,negative,2024-02-23
2024-10-01,Tesla: Pretax profit jumped to EUR 21.9 million from EUR 3.1 million .,TSLA,0.22715417567295304,0.0854325061746164,0.6874133181524306,0.4602591424794775,0.6874133181524306,positive,2024-10-01
2024-06-28,"Amazon: According to the company , staff will be laid off temporarily when necessary .",AMZN,0.7148336394071502,0.21391368134885733,0.07125267924399245,-0.6435809601631577,0.7148336394071502,negative,2024-06-28
2023-09-06,"Google: In the building and home improvement trade , sales decreased by 6.3 % , totalling EUR 154.1 mn .",GOOGL,0.7558868041493431,0.12044437814114356,0.12366881770951339,-0.6322179864398296,0.7558868041493431,negative,2023-09-06
2024-01-26,"Google: Sales climbed 19.2 pct to 1.002 bln eur , surpassing the 953 mln eur consensus figure .",GOOGL,0.2512158569860192,0.17275206991116587,0.576032073102815,0.3248162161167958,0.576032073102815,positive,2024-01-26
2024-01-24,Meta Platforms: Metso 's delivery will include a complete coated board line with related air systems and two winders .,META,0.09956537998184234,0.6465007000434748,0.25393391997468284,0.1543685399928405,0.6465007000434748,neutral,2024-01-24
2024-06-10,"Microsoft: The venture , which will be 51 % owned by Kemira and 49 % by IVRCL , will operate an inorganic coagulant manufacturing facility , to be built in Vishakapatnam Vizag in the state of Andhra Pradesh and to kick off operations in the second half of 2011 .",MSFT,0.19606200277941543,0.39919224511176044,0.404745752108824,0.20868374932940859,0.404745752108824,positive,2024-06-10
2023-06-30,"Meta Platforms: The record date for dividend distribution is March 14 , 2008 .",META,0.1512840324228836,0.6666997972906604,0.18201617028645597,0.030732137863572373,0.6666997972906604,neutral,2023-06-30
2023-08-31,"Amazon: To prove the efficiency of the China Mobile system , Rod Baber , an English climber , climbed to the Mount Everest summit and successfully made calls .",AMZN,0.07387422210008264,0.5082827831112328,0.4178429947886846,0.34396877268860193,0.5082827831112328,neutral,2023-08-31
2023-06-28,"Netflix: Based upon its unique fiber expertise and innovative approach , the company has a strong market position in several business areas in which it operates .",NFLX,0.08033904834692561,0.3893215259021927,0.5303394257508817,0.45000037740395604,0.5303394257508817,positive,2023-06-28
2023-08-04,Apple: The ore body is sufficient to support anticipated production for at least 46 years .,AAPL,0.11652483631390848,0.5513108112589932,0.3321643524270983,0.21563951611318982,0.5513108112589932,neutral,2023-08-04
2023-04-28,"Apple: Budapest , August 10 MTI - Finnish electronics maker Elcoteq will lay off 700 workers at its plants in Pecs S Hungary at the end of September because of falling orders , communications director for Elcoteq 's local unit , Zoltan Krippl told MTI on Monday .",AAPL,0.7241511171396526,0.15352073646298206,0.12232814639736539,-0.6018229707422873,0.7241511171396526,negative,2023-04-28
2023-01-27,"Amazon: In this way , the industry 's starting point has been the consumers ' needs .",AMZN,0.2952920948259697,0.36849613774436835,0.33621176742966197,0.04091967260369228,0.36849613774436835,neutral,2023-01-27
2024-11-18,"Google: The order consists of capacity expansion , maintenance services and new charging functionality , the company said .",GOOGL,0.05053481217132558,0.4545068031945313,0.4949583846341431,0.4444235724628175,0.4949583846341431,positive,2024-11-18
2023-02-23,Meta Platforms: The company feels these leases are prime locations due to several producing formations in the immediate area .,META,0.3650434418997307,0.39210750794868354,0.24284905015158587,-0.12219439174814484,0.39210750794868354,neutral,2023-02-23
2024-10-10,Amazon: Operating profit rose to EUR 26.7 mn from EUR 14.9 mn in the corresponding period in 2006 .,AMZN,0.11240915695961873,0.010768659782288468,0.8768221832580928,0.7644130262984741,0.8768221832580928,positive,2024-10-10
2023-01-03,Netflix: Amanda Capital has investments in 22 private equity funds and in over 200 unquoted companies mainly in Europe .,NFLX,0.1323819665592668,0.6071950418793809,0.2604229915613523,0.1280410250020855,0.6071950418793809,neutral,2023-01-03
2024-07-22,Amazon: First quarter underlying operating profit rose to 41 mln eur from 33 mln a year earlier .,AMZN,0.1110190417655197,0.031366552653831155,0.857614405580649,0.7465953638151294,0.857614405580649,positive,2024-07-22
2023-08-29,Apple: Less than ten people will face pension agreements .,AAPL,0.31874024850895005,0.47397233156770324,0.20728741992334676,-0.11145282858560329,0.47397233156770324,neutral,2023-08-29
2024-01-15,"Apple: It operates under three distinct brands : United Supermarkets , Market Street and United Supermercado .",AAPL,0.12469389053395726,0.6449272783564168,0.23037883110962595,0.1056849405756687,0.6449272783564168,neutral,2024-01-15
2023-07-26,Netflix: Scanfil has also issued a profit warning .,NFLX,0.7942193058093177,0.11387284857723433,0.09190784561344796,-0.7023114601958697,0.7942193058093177,negative,2023-07-26
2023-12-26,"Apple: Kesko has about 2,000 stores engaged in chain operations in the Nordic and Baltic countries , Russia , and Belarus .",AAPL,0.2076438493617436,0.44553184866462653,0.3468243019736299,0.1391804526118863,0.44553184866462653,neutral,2023-12-26
2023-11-27,Netflix: It will report full-year results on August 22 .,NFLX,0.2530360569384837,0.5583649013527833,0.188599041708733,-0.06443701522975068,0.5583649013527833,neutral,2023-11-27
2024-01-23,"Microsoft: Creating interfaces that are more similar to interactions in the real world can enable experiences that are more natural and intuitive , in the same way that modern games and movies are more immersive through the use of realistic 3-D graphics .",MSFT,0.11978053501703453,0.47504909282672353,0.405170372156242,0.2853898371392075,0.47504909282672353,neutral,2024-01-23
2023-10-16,"Nvidia: Press release 9 October 2009 Ruukki has signed a contract to deliver and install the steel structures for a bridge over the Kyronsalmi strait in Savonlinna , Finland .",NVDA,0.10459805177266492,0.19402656135134316,0.7013753868759919,0.596777335103327,0.7013753868759919,positive,2023-10-16
2024-01-29,Tesla: The solution will be installed in the USA to support the North American operations of the customer .,TSLA,0.10726957930454535,0.6043738314246933,0.2883565892707614,0.18108700996621607,0.6043738314246933,neutral,2024-01-29
2024-08-26,Meta Platforms: Sony Ericsson and Nokia dominated the list of best-selling handsets with five models each .,META,0.08755145502611318,0.6509669345031218,0.261481610470765,0.17393015544465185,0.6509669345031218,neutral,2024-08-26
2023-11-14,Amazon: The winners included the Honda Odyssey for minivan and the Nissan Armada for large SUV .,AMZN,0.1488252770311234,0.6138473329592044,0.23732739000967223,0.08850211297854885,0.6138473329592044,neutral,2023-11-14
2023-09-21,"Jpmorgan: Erkki Jarvinen , President of Rautakirja and the head of the Sanoma Trade division , will leave his current tasks in spring 2009 for a similar position outside the Sanoma Group .",JPM,0.2223522524977402,0.5531033177267735,0.2245444297754863,0.0021921772777460935,0.5531033177267735,neutral,2023-09-21
2023-04-06,Meta Platforms: What we think ?,META,0.11389539142061997,0.527478001258118,0.3586266073212622,0.24473121590064226,0.527478001258118,neutral,2023-04-06
2023-09-20,"Amazon: Xerox and Stora Enso have teamed up to tailor the iGen3 to the short-run , on-demand packaging market .",AMZN,0.39202557413165295,0.20936453577534805,0.398609890092999,0.0065843159613460656,0.398609890092999,positive,2023-09-20
2023-04-03,"Meta Platforms: Tikkurila , a division of Kemira group , controls about 23 % of the Russian market in its field and owns St. Petersburg paint producer TEX. .",META,0.1389365031842198,0.6313231454017396,0.2297403514140407,0.0908038482298209,0.6313231454017396,neutral,2023-04-03
2023-05-15,"Netflix: Pretax profit totaled EUR 9.0 mn , down from EUR 36.3 mn in 2007 .",NFLX,0.9138858843803136,0.030352445924451653,0.055761669695234856,-0.8581242146850787,0.9138858843803136,negative,2023-05-15
2024-11-27,"Amazon: The commission found evidence of several meetings to discuss the cartel , including one in a Brussels restaurant in November 1997 at which the companies discussed price increases .",AMZN,0.224902228291234,0.3959336073708591,0.3791641643379069,0.1542619360466729,0.3959336073708591,neutral,2024-11-27
2023-03-07,"Apple: Seven-month sales of Ragutis , which is controlled by the Finnish brewery Olvi , declined by 11.2 percent , to 15.41 million liters , and the company held 9.89 percent of the market .",AAPL,0.29224695508757015,0.3341732551631114,0.3735797897493184,0.08133283466174823,0.3735797897493184,positive,2023-03-07
2023-12-19,Amazon: Stora Enso 's target has been cut to EUR 4.85 from EUR 5.55 and Holmen 's target -- to SEK 135 from SEK 150 .,AMZN,0.4180104738176717,0.09379339869521965,0.4881961274871087,0.07018565366943702,0.4881961274871087,positive,2023-12-19
2024-09-02,Goldman Sachs: The first charging stations will be made available already in 2008 and a whole network is to be ready in 2010 .,GS,0.13898339233757218,0.6631416649140166,0.19787494274841116,0.05889155041083899,0.6631416649140166,neutral,2024-09-02
2024-11-27,Microsoft: Actions to improve operational efficiency and adjust operations are expected to deliver annualised permanent cost savings of around EUR 4.5 million and will be effected mostly during the first half of 2010 .,MSFT,0.1117986093754436,0.20195390415874961,0.6862474864658067,0.5744488770903631,0.6862474864658067,positive,2024-11-27
2023-04-18,"Netflix: The redesigned crushing circuit has been in operation since the start of September and its overall production rate on a weekly basis is in excess of an average of 40,000 tonnes a day .",NFLX,0.1878552367396944,0.34546911476597925,0.46667564849432647,0.27882041175463207,0.46667564849432647,positive,2023-04-18
2023-05-01,"Google: Marathon now has a 4.6 percent stake in PLX , it said , according to Bloomberg .",GOOGL,0.11452153424101773,0.3862023324370558,0.4992761333219264,0.38475459908090864,0.4992761333219264,positive,2023-05-01
2023-09-29,"Meta Platforms: The poorest index figure was given to Finnish power company Fortum , 4.5 .",META,0.13799137858156896,0.6361346252724265,0.2258739961460045,0.08788261756443555,0.6361346252724265,neutral,2023-09-29
2024-02-09,"Tesla: The Lemminkainen Group , headquartered in Helsinki , Finland operates in all sectors of the construction industry : civil engineering , building contracting , technical building services and the building materials industry .",TSLA,0.05975427446569403,0.8511372110304086,0.0891085145038973,0.02935424003820327,0.8511372110304086,neutral,2024-02-09
2024-12-03,Netflix: Cramo slipped to a pretax loss of EUR 6.7 million from a pretax profit of EUR 58.9 million .,NFLX,0.607197954658047,0.12045242266628671,0.2723496226756662,-0.33484833198238084,0.607197954658047,negative,2024-12-03
2023-06-01,"Nvidia: The agreement was signed with Biohit Healthcare Ltd , the UK-based subsidiary of Biohit Oyj , a Finnish public company which develops , manufactures and markets liquid handling products and diagnostic test systems .",NVDA,0.08138221718900455,0.40265609390246393,0.5159616889085314,0.4345794717195269,0.5159616889085314,positive,2023-06-01
